rcprcp_mal09a,rcprcp_mal09b,rcprcp_mal09c,rcprcp_mal01a,rcprcp_mal01b,rcprcp_mal01c,krt007ma,krt008ma,ety101mp,ety102mp,ety103mp,ety104mp,rcp007mn,rcp008mn,rcp011mn,rcp037mp,rcp039mp,vvp007mp,vvp008mp,vvp009mp,vvp010mp,vvp011mp,vvp013mp,vvp014mp,are010mn,are020mn,are030mn,are052mn,are055mn,are058mn,are020mn,are053mn,are056mn,are059mn,are030mn,are054mn,are057mn,are060mn,are043md,are044md,are045md,are046md,are047md,are048md,are049md,are050md,asg001km,asg002km,asg003km,asg011km,asg012km,asg013km,rcp006mp,krt002ma,krt003ma,krt004ma,krt032ma,krt033ma,krt034ma,vvp001md,vvp002md,vvp003md,are401km,are402km,are403km,3are031vl_lc_sbk,3are031vl_lc_obk,3are031vl_lc_opnt,3are031vl_lc_spnt,3are031vl_p_pack,3are032vl_lc_sbk,3are032vl_lc_obk,3are032vl_lc_opnt,3are032vl_lc_spnt,3are032vl_p_pack,3are033vl_lc_sbk,3are033vl_lc_obk,3are033vl_lc_opnt,3are033vl_lc_spnt,3are033vl_p_pack,3are242vl_lc_sbk,3are242vl_lc_obk,3are242vl_lc_opnt,3are242vl_lc_spnt,3are242vl_p_pack,3are243vl_lc_sbk,3are243vl_lc_obk,3are243vl_lc_opnt,3are243vl_lc_spnt,3are243vl_p_pack,3are244vl_lc_sbk,3are244vl_lc_obk,3are244vl_lc_opnt,3are244vl_lc_spnt,3are244vl_p_pack,sec003mp,sec004mp,sap001mp,sar003sp,8ety501mp,3ety502mp,rpn401km,rpn407km,rpa309ks,rpb309ks,krt026ma,krt009ma,rpn403km,rpn409km,rri013ks,rri014ks,rcv502ks,rcv520ks,lha001mu,lhb001mu,lgb001mu,lgc001mu,sap007sp,sar003sp,ety013ks,rpa236ks,asg401ks,asg402ks,asg403ks,rcv018md,rcv017mp,rcv005md,rcv004mp,3rcv013vp_lc_sbk,3rcv013vp_lc_obk,3rcv013vp_lc_opnt,3rcv013vp_lc_spnt,3rcv013vp_p_pack,3asg012vd_lc_obk,3asg012vd_lc_opnt,3asg012vd_p_pack,3asg013vd_lc_obk,3asg013vd_lc_opnt,3asg013vd_p_pack,3asg014vd_lc_obk,3asg014vd_lc_opnt,3asg014vd_p_pack,3asg015vd_lc_obk,3asg015vd_lc_opnt,3asg015vd_p_pack,3asg016vd_lc_obk,3asg016vd_lc_opnt,3asg016vd_p_pack,3asg017vd_lc_obk,3asg017vd_lc_opnt,3asg017vd_p_pack,3rcp024mp_a_pnt,3gct131vv_lc_spnt,3gct132vv_lc_spnt,3gct133vv_lc_spnt,3gct131vv_lc_opnt,3gct132vv_lc_opnt,3gct133vv_lc_opnt,3gct131vv_lc_obk,3gct132vv_lc_obk,3gct133vv_lc_obk,3gct132vv_c_c7,3gct131vv_c_c7,3gct133vv_c_c7,3gct132vv_c_c8,3gct131vv_c_c8,3gct133vv_c_c8,3rcp001rs_c_c1,3rcp001rs_c_c2,3rcp002rs_c_c1,3rcp002rs_c_c2,3rcp003rs_c_c1,3rcp003rs_c_c2,3rcp004rs_c_c1,3rcp004rs_c_c2,3rcp005rs_c_c1,3rcp005rs_c_c2,3rcp005rs_c_c4,3rcp005rs_c_c5,3rcp006rs_c_c1,3rcp006rs_c_c2,3rcp006rs_c_c4,3rcp006rs_c_c5,3rcp001vp_lc_spnt,3rcp001vp_lc_opnt,3rcp001vp_c_c7,3rcp001vp_c_c8,3rcp001vp_lc_obk,3rcp002vp_lc_spnt,3rcp002vp_lc_opnt,3rcp002vp_c_c7,3rcp002vp_c_c8,3rcp002vp_lc_obk,3rcv046vp_lc_spnt,3rcv046vp_lc_opnt,3rcv046vp_c_c8,3rcv046vp_lc_obk,3rcp028mt,3rcp029mt,3ric100km,3ric200km,3rcp037mp,3rcp039mp,3rcp007mn,3rra024vp,3rra025vp,3rra025vp_control,3ric103km,3ric203km,3gct131vv_p_pack,3gct132vv_p_pack,3gct133vv_p_pack,3rcp001rs_p_pack,3rcp002rs_p_pack,3rcp003rs_p_pack,3rcp004rs_p_pack,3rcp005rs_p_pack,3rcp006rs_p_pack,3rra024vp_p_pack,3rra025vp_p_pack,3rcp001vp_p_pack,3rcp002vp_p_pack,3rcv046vp_p_pack
0,0,0,0,0,0,37000,10,100.975,100.975,100.981,100.981,0.0939794,0.0939779,0.0939779,15.3976,15.3976,6.66986,6.66974,6.66952,6.66986,6.66974,6.66986,6.66974,-8.58E-05,-6.92E-05,-7.91E-05,-8.58E-05,-8.58E-05,-8.58E-05,-6.92E-05,-6.92E-05,-6.92E-05,-6.92E-05,-7.91E-05,-7.91E-05,-7.91E-05,-7.91E-05,1910.5,1910.18,1885.21,1910.49,1910.18,1885.21,15,15,0,0,0,0,0,0,15.3675,3700,3700,3700,0.1,0.1,0.1,1887.91,1887.55,1862.6,1910.53,1910.17,1885.21,-2.98E-08,48.9293,48.9294,0,12854020,-2.98E-08,48.7559,48.756,0,12854020,-2.98E-08,47.309,47.3091,0,12854020,-2.98E-08,100,100,0,-2134629628,-2.98E-08,100,100,0,-2134629628,-2.98E-08,100,100,0,-2134629628,189.731,0.0120312,0.815173,0,100,100.981,1,1,0,0,50,82794.1,0.001,0.001,0,0,0,0,6608.62,6592.97,6596.32,6598.63,0,0,0,0,0,0,0,10.2429,17.7565,13.5823,2.50002,2.5,34.2777,34.2777,2.5,262912,100,100,-2134638332,100,100,-2134638332,100,100,-2134638332,100,100,-2134638332,100,100,-2134638332,100,100,-2134638332,0.0157493,7.75029,7.75029,7.75029,0,0,0,0,0,0,0,0,0,0,0,0,0,0,0,0,0,0,0,0,0,0,0,0,0,0,0,0,0,0,0,0,0,0,0,0,0,0,0,27.2876,0,27.2885,326.954,292.673,333.417,333.459,15.3976,15.3976,0.0939779,30,30,30,11.1786,11.1365,1074012928,1074012928,1074012928,1086588932,1086588932,-2134638592,-2134638592,1086586884,1086586884,262400,262400,1086595844,1086595844,271104
0,0,0,0,0,0,37000,10,100.975,100.975,100.981,100.981,0.0939598,0.0939579,0.0939579,15.3976,15.3976,6.66988,6.66976,6.66954,6.66988,6.66976,6.66988,6.66976,-8.58E-05,-6.66E-05,-7.68E-05,-8.58E-05,-8.58E-05,-8.58E-05,-6.66E-05,-6.66E-05,-6.66E-05,-6.66E-05,-7.68E-05,-7.68E-05,-7.68E-05,-7.68E-05,1910.48,1910.16,1885.19,1910.48,1910.16,1885.19,15,15,0,0,0,0,0,0,15.3675,3700,3700,3700,0.1,0.1,0.1,1887.9,1887.55,1862.59,1910.52,1910.15,1885.19,-2.98E-08,48.9291,48.9291,0,12854020,-2.98E-08,48.7555,48.7555,0,12854020,-2.98E-08,47.3087,47.3088,0,12854020,-2.98E-08,100,100,0,-2134629628,-2.98E-08,100,100,0,-2134629628,-2.98E-08,100,100,0,-2134629628,189.731,0.0120312,0.815185,0,100,100.981,1,1,0,0,50,82794.1,0.001,0.001,0,0,0,0,6607.32,6605.63,6617.49,6614.41,0,0,0,0,0,0,0,10.246,17.7564,13.5823,2.50002,2.5,34.2778,34.2778,2.5,262912,100,100,-2134638332,100,100,-2134638332,100,100,-2134638332,100,100,-2134638332,100,100,-2134638332,100,100,-2134638332,0.0157461,7.75029,7.75029,7.75029,0,0,0,0,0,0,0,0,0,0,0,0,0,0,0,0,0,0,0,0,0,0,0,0,0,0,0,0,0,0,0,0,0,0,0,0,0,0,0,27.2923,0,27.2932,326.954,292.673,333.417,333.459,15.3976,15.3976,0.0939579,30,30,30,11.1787,11.1367,1074012928,1074012928,1074012928,1086588932,1086588932,-2134638592,-2134638592,1086586884,1086586884,262400,262400,1086595844,1086595844,271104
0,0,0,0,0,0,37000,10,100.975,100.975,100.981,100.981,0.0939412,0.0939398,0.0939398,15.3977,15.3977,6.6699,6.66978,6.66957,6.6699,6.66978,6.6699,6.66978,-8.56E-05,-6.39E-05,-7.44E-05,-8.56E-05,-8.56E-05,-8.56E-05,-6.39E-05,-6.39E-05,-6.39E-05,-6.39E-05,-7.44E-05,-7.44E-05,-7.44E-05,-7.44E-05,1910.46,1910.14,1885.17,1910.46,1910.13,1885.17,15,15,0,0,0,0,0,0,15.3675,3700,3700,3700,0.1,0.1,0.1,1887.91,1887.55,1862.59,1910.51,1910.13,1885.16,-2.98E-08,48.9288,48.9288,0,12854020,-2.98E-08,48.7552,48.7552,0,12854020,-2.98E-08,47.3086,47.3086,0,12854020,-2.98E-08,100,100,0,-2134629628,-2.98E-08,100,100,0,-2134629628,-2.98E-08,100,100,0,-2134629628,189.731,0.0120312,0.815197,0,100,100.981,1,1,0,0,50,82794.1,0.001,0.001,0,0,0,0,6617,6597.9,6602.26,6606.2,0,0,0,0,0,0,0,10.2491,17.7563,13.5823,2.50002,2.5,34.2778,34.2778,2.5,262912,100,100,-2134638332,100,100,-2134638332,100,100,-2134638332,100,100,-2134638332,100,100,-2134638332,100,100,-2134638332,0.0157457,7.75029,7.75029,7.75029,0,0,0,0,0,0,0,0,0,0,0,0,0,0,0,0,0,0,0,0,0,0,0,0,0,0,0,0,0,0,0,0,0,0,0,0,0,0,0,27.2971,0,27.298,326.954,292.674,333.417,333.459,15.3977,15.3977,0.0939398,30,30,30,11.1788,11.1367,1074012928,1074012928,1074012928,1086588932,1086588932,-2134638592,-2134638592,1086586884,1086586884,262400,262400,1086595844,1086595844,271104
0,0,0,0,0,0,37000,10,100.975,100.975,100.981,100.981,0.0939226,0.0939212,0.0939212,15.3977,15.3977,6.66992,6.6698,6.66959,6.66992,6.6698,6.66992,6.6698,-8.54E-05,-6.11E-05,-7.18E-05,-8.54E-05,-8.54E-05,-8.54E-05,-6.11E-05,-6.11E-05,-6.11E-05,-6.11E-05,-7.18E-05,-7.18E-05,-7.18E-05,-7.18E-05,1910.44,1910.12,1885.15,1910.44,1910.12,1885.15,15,15,0,0,0,0,0,0,15.3676,3700,3700,3700,0.1,0.1,0.1,1887.9,1887.54,1862.59,1910.5,1910.11,1885.14,-2.98E-08,48.9285,48.9285,0,12854020,-2.98E-08,48.7549,48.7549,0,12854020,-2.98E-08,47.3085,47.3085,0,12854020,-2.98E-08,100,100,0,-2134629628,-2.98E-08,100,100,0,-2134629628,-2.98E-08,100,100,0,-2134629628,189.731,0.0120312,0.815209,0,100,100.981,1,1,0,0,50,82794.1,0.001,0.001,0,0,0,0,6614.28,6607.95,6598.9,6612.75,0,0,0,0,0,0,0,10.2522,17.7561,13.5823,2.50002,2.5,34.2779,34.2779,2.5,262912,100,100,-2134638332,100,100,-2134638332,100,100,-2134638332,100,100,-2134638332,100,100,-2134638332,100,100,-2134638332,0.0157488,7.75029,7.75029,7.75029,0,0,0,0,0,0,0,0,0,0,0,0,0,0,0,0,0,0,0,0,0,0,0,0,0,0,0,0,0,0,0,0,0,0,0,0,0,0,0,27.3019,0,27.3028,326.954,292.674,333.417,333.46,15.3977,15.3977,0.0939212,30,30,30,11.179,11.1369,1074012928,1074012928,1074012928,1086588932,1086588932,-2134638592,-2134638592,1086586884,1086586884,262400,262400,1086595844,1086595844,271104
0,0,0,0,0,0,37000,10,100.975,100.975,100.981,100.981,0.0939045,0.0939021,0.0939021,15.3978,15.3978,6.66994,6.66982,6.66961,6.66994,6.66982,6.66994,6.66982,-8.52E-05,-5.86E-05,-6.94E-05,-8.52E-05,-8.52E-05,-8.52E-05,-5.86E-05,-5.86E-05,-5.86E-05,-5.86E-05,-6.94E-05,-6.94E-05,-6.94E-05,-6.94E-05,1910.42,1910.1,1885.13,1910.42,1910.09,1885.13,15,15,0,0,0,0,0,0,15.3676,3700,3700,3700,0.1,0.1,0.1,1887.9,1887.54,1862.58,1910.49,1910.09,1885.13,-2.98E-08,48.9282,48.9283,0,12854020,-2.98E-08,48.7547,48.7547,0,12854020,-2.98E-08,47.3084,47.3084,0,12854020,-2.98E-08,100,100,0,-2134629628,-2.98E-08,100,100,0,-2134629628,-2.98E-08,100,100,0,-2134629628,189.731,0.0120312,0.815221,0,100,100.981,1,1,0,0,50,82794.1,0.001,0.001,0,0,0,0,6614.43,6600.07,6602.74,6594.43,0,0,0,0,0,0,0,10.2553,17.756,13.5824,2.50002,2.5,34.2779,34.2779,2.5,262912,100,100,-2134638332,100,100,-2134638332,100,100,-2134638332,100,100,-2134638332,100,100,-2134638332,100,100,-2134638332,0.0157505,7.75029,7.75029,7.75029,0,0,0,0,0,0,0,0,0,0,0,0,0,0,0,0,0,0,0,0,0,0,0,0,0,0,0,0,0,0,0,0,0,0,0,0,0,0,0,27.3067,0,27.3077,326.954,292.674,333.418,333.46,15.3978,15.3978,0.0939021,30,30,30,11.179,11.137,1074012928,1074012928,1074012928,1086588932,1086588932,-2134638592,-2134638592,1086586884,1086586884,262400,262400,1086595844,1086595844,271104
0,0,0,0,0,0,37000,10,100.975,100.975,100.981,100.981,0.0938864,0.0938845,0.0938845,15.3978,15.3978,6.66996,6.66984,6.66963,6.66996,6.66984,6.66996,6.66984,-8.51E-05,-5.62E-05,-6.71E-05,-8.51E-05,-8.51E-05,-8.51E-05,-5.62E-05,-5.62E-05,-5.62E-05,-5.62E-05,-6.71E-05,-6.71E-05,-6.71E-05,-6.71E-05,1910.39,1910.08,1885.11,1910.39,1910.07,1885.11,15,15,0,0,0,0,0,0,15.3677,3700,3700,3700,0.1,0.1,0.1,1887.9,1887.54,1862.58,1910.47,1910.07,1885.1,-2.98E-08,48.9281,48.9281,0,12854020,-2.98E-08,48.7547,48.7547,0,12854020,-2.98E-08,47.3085,47.3085,0,12854020,-2.98E-08,100,100,0,-2134629628,-2.98E-08,100,100,0,-2134629628,-2.98E-08,100,100,0,-2134629628,189.731,0.0120312,0.815234,0,100,100.981,1,1,0,0,50,82794.1,0.001,0.001,0,0,0,0,6596.1,6605.69,6595.52,6598.77,0,0,0,0,0,0,0,10.2584,17.7559,13.5824,2.50002,2.5,34.278,34.278,2.5,262912,100,100,-2134638332,100,100,-2134638332,100,100,-2134638332,100,100,-2134638332,100,100,-2134638332,100,100,-2134638332,0.0157484,7.75029,7.75029,7.75029,0,0,0,0,0,0,0,0,0,0,0,0,0,0,0,0,0,0,0,0,0,0,0,0,0,0,0,0,0,0,0,0,0,0,0,0,0,0,0,27.3116,0,27.3127,326.954,292.674,333.418,333.46,15.3978,15.3978,0.0938845,30,30,30,11.1792,11.1371,1074012928,1074012928,1074012928,1086588932,1086588932,-2134638592,-2134638592,1086586884,1086586884,262400,262400,1086595844,1086595844,271104
0,0,0,0,0,0,37000,10,100.975,100.975,100.981,100.981,0.0938678,0.0938663,0.0938663,15.3979,15.3979,6.66998,6.66986,6.66965,6.66999,6.66986,6.66999,6.66986,-8.47E-05,-5.36E-05,-6.43E-05,-8.47E-05,-8.47E-05,-8.47E-05,-5.36E-05,-5.36E-05,-5.36E-05,-5.36E-05,-6.43E-05,-6.43E-05,-6.43E-05,-6.43E-05,1910.37,1910.06,1885.09,1910.37,1910.06,1885.09,15,15,0,0,0,0,0,0,15.3677,3700,3700,3700,0.1,0.1,0.1,1887.9,1887.54,1862.61,1910.45,1910.06,1885.09,-2.98E-08,48.9281,48.9281,0,12854020,-2.98E-08,48.7547,48.7547,0,12854020,-2.98E-08,47.3087,47.3087,0,12854020,-2.98E-08,100,100,0,-2134629628,-2.98E-08,100,100,0,-2134629628,-2.98E-08,100,100,0,-2134629628,189.731,0.0120312,0.815246,0,100,100.981,1,1,0,0,50,82794.1,0.001,0.001,0,0,0,0,6609.28,6593.83,6600.43,6599.92,0,0,0,0,0,0,0,10.2615,17.7557,13.5824,2.50002,2.5,34.2781,34.2781,2.5,262912,100,100,-2134638332,100,100,-2134638332,100,100,-2134638332,100,100,-2134638332,100,100,-2134638332,100,100,-2134638332,0.0157455,7.75029,7.75029,7.75029,0,0,0,0,0,0,0,0,0,0,0,0,0,0,0,0,0,0,0,0,0,0,0,0,0,0,0,0,0,0,0,0,0,0,0,0,0,0,0,27.3166,0,27.3176,326.954,292.675,333.418,333.46,15.3979,15.3979,0.0938663,30,30,30,11.1793,11.1372,1074012928,1074012928,1074012928,1086588932,1086588932,-2134638592,-2134638592,1086586884,1086586884,262400,262400,1086595844,1086595844,271104
0,0,0,0,0,0,37000,10,100.975,100.975,100.981,100.981,0.0938497,0.0938473,0.0938473,15.3979,15.3979,6.67001,6.66988,6.66967,6.67001,6.66989,6.67001,6.66989,-8.46E-05,-5.16E-05,-5.95E-05,-8.46E-05,-8.46E-05,-8.46E-05,-5.16E-05,-5.16E-05,-5.16E-05,-5.16E-05,-5.95E-05,-5.95E-05,-5.95E-05,-5.95E-05,1910.35,1910.04,1885.07,1910.35,1910.04,1885.07,15,15,0,0,0,0,0,0,15.3678,3700,3700,3700,0.1,0.1,0.1,1887.9,1887.54,1862.62,1910.44,1910.04,1885.07,-2.98E-08,48.9283,48.9282,0,12854020,-2.98E-08,48.7549,48.7549,0,12854020,-2.98E-08,47.309,47.309,0,12854020,-2.98E-08,100,100,0,-2134629628,-2.98E-08,100,100,0,-2134629628,-2.98E-08,100,100,0,-2134629628,189.731,0.0120312,0.815258,0,100,100.981,1,1,0,0,50,82794.1,0.001,0.001,0,0,0,0,6606.9,6602.25,6592.03,6597.03,0,0,0,0,0,0,0,10.2649,17.7556,13.5824,2.50002,2.5,34.2781,34.2781,2.5,262912,100,100,-2134638332,100,100,-2134638332,100,100,-2134638332,100,100,-2134638332,100,100,-2134638332,100,100,-2134638332,0.0157468,7.75029,7.75029,7.75029,0,0,0,0,0,0,0,0,0,0,0,0,0,0,0,0,0,0,0,0,0,0,0,0,0,0,0,0,0,0,0,0,0,0,0,0,0,0,0,27.3216,0,27.3226,326.955,292.675,333.418,333.46,15.3979,15.3979,0.0938473,30,30,30,11.1794,11.1374,1074012928,1074012928,1074012928,1086588932,1086588932,-2134638592,-2134638592,1086586884,1086586884,262400,262400,1086595844,1086595844,271104
0,0,0,0,0,0,37000,10,100.975,100.975,100.981,100.981,0.0938306,0.0938282,0.0938282,15.398,15.398,6.67003,6.66991,6.66969,6.67003,6.66991,6.67003,6.66991,-8.50E-05,-5.05E-05,-5.40E-05,-8.50E-05,-8.50E-05,-8.50E-05,-5.05E-05,-5.05E-05,-5.05E-05,-5.05E-05,-5.40E-05,-5.40E-05,-5.40E-05,-5.40E-05,1910.34,1910.02,1885.06,1910.34,1910.02,1885.06,15,15,0,0,0,0,0,0,15.3679,3700,3700,3700,0.1,0.1,0.1,1887.89,1887.5,1862.65,1910.42,1910.02,1885.06,-2.98E-08,48.9286,48.9285,0,12854020,-2.98E-08,48.7552,48.7552,0,12854020,-2.98E-08,47.3094,47.3094,0,12854020,-2.98E-08,100,100,0,-2134629628,-2.98E-08,100,100,0,-2134629628,-2.98E-08,100,100,0,-2134629628,189.731,0.0120312,0.81527,0,100,100.981,1,1,0,0,50,82794.1,0.001,0.001,0,0,0,0,6611.88,6602.21,6604.96,6606.45,0,0,0,0,0,0,0,10.2682,17.7555,13.5825,2.50002,2.5,34.2782,34.2782,2.5,262912,100,100,-2134638332,100,100,-2134638332,100,100,-2134638332,100,100,-2134638332,100,100,-2134638332,100,100,-2134638332,0.0157498,7.75029,7.75029,7.75029,0,0,0,0,0,0,0,0,0,0,0,0,0,0,0,0,0,0,0,0,0,0,0,0,0,0,0,0,0,0,0,0,0,0,0,0,0,0,0,27.3267,0,27.3277,326.955,292.675,333.418,333.46,15.398,15.398,0.0938282,30,30,30,11.1796,11.1375,1074012928,1074012928,1074012928,1086588932,1086588932,-2134638592,-2134638592,1086586884,1086586884,262400,262400,1086595844,1086595844,271104
0,0,0,0,0,0,37000,10,100.975,100.975,100.981,100.981,0.093811,0.0938087,0.0938087,15.398,15.398,6.67005,6.66993,6.66971,6.67005,6.66993,6.67005,6.66993,-8.36E-05,-5.01E-05,-4.79E-05,-8.36E-05,-8.36E-05,-8.36E-05,-5.01E-05,-5.01E-05,-5.01E-05,-5.01E-05,-4.79E-05,-4.79E-05,-4.79E-05,-4.79E-05,1910.33,1910.01,1885.06,1910.33,1910.01,1885.06,15,15,0,0,0,0,0,0,15.3679,3700,3700,3700,0.1,0.1,0.1,1887.94,1887.52,1862.66,1910.4,1910.01,1885.06,-2.98E-08,48.9291,48.9291,0,12854020,-2.98E-08,48.7556,48.7555,0,12854020,-2.98E-08,47.3097,47.3096,0,12854020,-2.98E-08,100,100,0,-2134629628,-2.98E-08,100,100,0,-2134629628,-2.98E-08,100,100,0,-2134629628,189.731,0.0120312,0.815283,0,100,100.981,1,1,0,0,50,82794.1,0.001,0.001,0,0,0,0,6614.63,6609.98,6598.96,6607.25,0,0,0,0,0,0,0,10.2714,17.7553,13.5825,2.50002,2.5,34.2783,34.2783,2.5,262912,100,100,-2134638332,100,100,-2134638332,100,100,-2134638332,100,100,-2134638332,100,100,-2134638332,100,100,-2134638332,0.0157504,7.75029,7.75029,7.75029,0,0,0,0,0,0,0,0,0,0,0,0,0,0,0,0,0,0,0,0,0,0,0,0,0,0,0,0,0,0,0,0,0,0,0,0,0,0,0,27.3316,0,27.3327,326.955,292.676,333.418,333.46,15.3981,15.3981,0.0938087,30,30,30,11.1797,11.1376,1074012928,1074012928,1074012928,1086588932,1086588932,-2134638592,-2134638592,1086586884,1086586884,262400,262400,1086595844,1086595844,271104
0,0,0,0,0,0,37000,10,100.975,100.975,100.981,100.981,0.0937905,0.0937891,0.0937891,15.3981,15.3981,6.67007,6.66995,6.66973,6.67007,6.66995,6.67007,6.66995,-8.07E-05,-4.91E-05,-4.21E-05,-8.07E-05,-8.07E-05,-8.07E-05,-4.91E-05,-4.91E-05,-4.91E-05,-4.91E-05,-4.21E-05,-4.21E-05,-4.21E-05,-4.21E-05,1910.32,1910,1885.05,1910.32,1909.99,1885.05,15,15,0,0,0,0,0,0,15.368,3700,3700,3700,0.1,0.1,0.1,1887.93,1887.5,1862.66,1910.39,1909.99,1885.05,-2.98E-08,48.9298,48.9298,0,12854020,-2.98E-08,48.7559,48.7559,0,12854020,-2.98E-08,47.31,47.3099,0,12854020,-2.98E-08,100,100,0,-2134629628,-2.98E-08,100,100,0,-2134629628,-2.98E-08,100,100,0,-2134629628,189.731,0.0120312,0.815295,0,100,100.981,1,1,0,0,50,82794.1,0.001,0.001,0,0,0,0,6610.11,6611.61,6604,6615.79,0,0,0,0,0,0,0,10.2747,17.7552,13.5825,2.50002,2.5,34.2784,34.2783,2.5,262912,100,100,-2134638332,100,100,-2134638332,100,100,-2134638332,100,100,-2134638332,100,100,-2134638332,100,100,-2134638332,0.0157474,7.75029,7.75029,7.75029,0,0,0,0,0,0,0,0,0,0,0,0,0,0,0,0,0,0,0,0,0,0,0,0,0,0,0,0,0,0,0,0,0,0,0,0,0,0,0,27.3367,0,27.3378,326.955,292.676,333.418,333.461,15.3981,15.3981,0.0937891,30,30,30,11.1799,11.1378,1074012928,1074012928,1074012928,1086588932,1086588932,-2134638592,-2134638592,1086586884,1086586884,262400,262400,1086595844,1086595844,271104
0,0,0,0,0,0,37000,10,100.975,100.975,100.981,100.981,0.0937696,0.0937672,0.0937672,15.3982,15.3982,6.67009,6.66997,6.66975,6.6701,6.66997,6.6701,6.66997,-7.79E-05,-4.77E-05,-3.75E-05,-7.79E-05,-7.79E-05,-7.79E-05,-4.77E-05,-4.77E-05,-4.77E-05,-4.77E-05,-3.75E-05,-3.75E-05,-3.75E-05,-3.75E-05,1910.32,1909.98,1885.05,1910.32,1909.98,1885.05,15,15,0,0,0,0,0,0,15.368,3700,3700,3700,0.1,0.1,0.1,1887.97,1887.55,1862.65,1910.37,1909.98,1885.05,-2.98E-08,48.9307,48.9306,0,12854020,-2.98E-08,48.7564,48.7564,0,12854020,-2.98E-08,47.3103,47.3103,0,12854020,-2.98E-08,100,100,0,-2134629628,-2.98E-08,100,100,0,-2134629628,-2.98E-08,100,100,0,-2134629628,189.731,0.0120312,0.815307,0,100,100.981,1,1,0,0,50,82794.1,0.001,0.001,0,0,0,0,6610.74,6611.87,6611.03,6602.49,0,0,0,0,0,0,0,10.2781,17.7551,13.5825,2.50002,2.5,34.2784,34.2784,2.5,262912,100,100,-2134638332,100,100,-2134638332,100,100,-2134638332,100,100,-2134638332,100,100,-2134638332,100,100,-2134638332,0.0157455,7.75029,7.75029,7.75029,0,0,0,0,0,0,0,0,0,0,0,0,0,0,0,0,0,0,0,0,0,0,0,0,0,0,0,0,0,0,0,0,0,0,0,0,0,0,0,27.3419,0,27.3429,326.955,292.676,333.419,333.461,15.3982,15.3982,0.0937672,30,30,30,11.1801,11.1379,1074012928,1074012928,1074012928,1086588932,1086588932,-2134638592,-2134638592,1086586884,1086586884,262400,262400,1086595844,1086595844,271104
0,0,0,0.2,0,0,37000,10,100.975,100.975,100.981,100.981,0.0937467,0.0937448,0.0937448,15.3982,15.3982,6.67011,6.66999,6.66978,6.67011,6.66999,6.67011,6.66999,-7.53E-05,-4.47E-05,-3.36E-05,-7.53E-05,-7.53E-05,-7.53E-05,-4.47E-05,-4.47E-05,-4.47E-05,-4.47E-05,-3.36E-05,-3.36E-05,-3.36E-05,-3.36E-05,1910.33,1909.97,1885.04,1910.33,1909.98,1885.04,15,15,0,0,0,0,0,0,15.3681,3700,3700,3700,0.1,0.1,0.1,1887.96,1887.57,1862.68,1910.36,1909.97,1885.04,-2.98E-08,48.9317,48.9316,0,12854020,-2.98E-08,48.7569,48.7569,0,12854020,-2.98E-08,47.3106,47.3106,0,12854020,-2.98E-08,100,100,0,-2134629628,-2.98E-08,100,100,0,-2134629628,-2.98E-08,100,100,0,-2134629628,189.731,0.0120312,0.815319,0,100,100.981,1,1,0,0,50,82794.1,0.001,0.001,0,0,0,0,6598.19,6601.81,6606.69,6609.41,0,0,0,0,0,0,0,10.2815,17.7549,13.5825,2.50002,2.5,34.2785,34.2785,2.5,262912,100,100,-2134638332,100,100,-2134638332,100,100,-2134638332,100,100,-2134638332,100,100,-2134638332,100,100,-2134638332,0.0157481,7.75029,7.75029,7.75029,0,0,0,0,0,0,0,0,0,0,0,0,0,0,0,0,0,0,0,0,0,0,0,0,0,0,0,0,0,0,0,0,0,0,0,0,0,0,0,27.3469,0,27.348,326.955,292.676,333.419,333.461,15.3982,15.3982,0.0937448,30,30,30,11.1802,11.1381,1074012928,1074012928,1074012928,1086588932,1086588932,-2134638592,-2134638592,1086586884,1086586884,262400,262400,1086595844,1086595844,271104
0,0,0,0.2,0,0,37000,1638.11,101.954,101.954,102.875,102.875,-0.019516,-0.049943,-0.049943,15.0187,15.0187,6.67011,6.66999,6.66977,6.6701,6.66998,6.6701,6.66998,-0.000558938,-0.000423002,-0.000412994,-0.000558938,-0.000558938,-0.000558938,-0.000423002,-0.000423002,-0.000423002,-0.000423002,-0.000412994,-0.000412994,-0.000412994,-0.000412994,1910.39,1910.01,1885.08,1910.41,1910.02,1885.09,15,15,0,0,0,0,0,0,15.092,3700,3700,3700,0.1,0.1,0.1,1887.6,1887.3,1862.32,1910.37,1910.09,1885.16,-2.98E-08,48.9375,48.9363,0,12854020,-2.98E-08,48.7587,48.7589,0,12854020,-2.98E-08,47.312,47.3122,0,12854020,-2.98E-08,100,100,0,-2134629628,-2.98E-08,100,100,0,-2134629628,-2.98E-08,100,100,0,-2134629628,189.731,0.0120312,0.815332,0,100,103.06,1,1,0,0,50,5.82E+07,0.001,0.001,0,0,0,0,6602.9,6601.12,6600.18,6611.5,0,0,0,0,0,0,0,10.774,17.7333,13.4377,2.47868,2.5,34.0783,34.1101,2.5,262912,100,100,-2134638332,100,100,-2134638332,100,100,-2134638332,100,100,-2134638332,100,100,-2134638332,100,100,-2134638332,0.0157506,7.75029,7.75029,7.75029,0,0,0,0,0,0,0,0,0,0,0,0,0,0,0,0,0,0,0,0,0,0,0,0,0,0,0,0,0,0,0,0,0,0,0,0,0,0,0,27.3039,0,27.9578,328.193,292.563,333.325,333.366,15.0886,15.0886,-0.049943,30,30,30,9.32788,9.28699,1074012928,1074012928,1074012928,1086591012,1086591012,-2134638592,-2134638592,1086586884,1086586884,262400,262400,1086595844,1086595844,271104
0,0,0,0.2,0,0,37000,3160.74,103.116,103.116,103.889,103.889,-0.200535,-0.216815,-0.216815,14.8699,14.8699,6.66996,6.66984,6.66963,6.66996,6.66983,6.66996,6.66983,0.000266863,-0.000561766,-0.000546188,0.000266863,0.000266863,0.000266863,-0.000561766,-0.000561766,-0.000561766,-0.000561766,-0.000546188,-0.000546188,-0.000546188,-0.000546188,1911.11,1910.54,1885.6,1911.13,1910.57,1885.63,15,15,0,0,0,0,0,0,14.9482,3700,3700,3700,0.1,0.1,0.1,1887.59,1887.01,1861.97,1910.47,1910.63,1885.69,-2.98E-08,48.931,48.9335,0,12854020,-2.98E-08,48.7469,48.7481,0,12854020,-2.98E-08,47.3001,47.3013,0,12854020,-2.98E-08,100,100,0,-2134629628,-2.98E-08,100,100,0,-2134629628,-2.98E-08,100,100,0,-2134629628,189.731,0.0120312,0.815344,0,100,104.114,1,1,0,0,50,1.35E+08,0.001,0.001,0,0,0,0,6600.68,6617.22,6610.88,6604.52,0,0,0,0,0,0,0,13.7085,17.6533,13.3192,2.47828,2.5,34.0344,34.0695,2.5,262912,100,100,-2134638332,100,100,-2134638332,100,100,-2134638332,100,100,-2134638332,100,100,-2134638332,100,100,-2134638332,0.0157498,7.75029,7.75029,7.75029,0,0,0,0,0,0,0,0,0,0,0,0,0,0,0,0,0,0,0,0,0,0,0,0,0,0,0,0,0,0,0,0,0,0,0,0,0,0,0,30.5026,0,31.0582,327.953,292.477,333.076,333.118,14.8346,14.8346,-0.216815,30,30,30,9.00354,8.96158,1074012928,1074012928,1074012928,-2134634492,-2134634492,-2134638592,-2134638592,-2134638588,-2134638588,262400,262400,1086595844,1086595844,271104
0,0,0,0.2,0,0,37000,4686.48,104.283,104.283,105.06,105.06,-0.396518,-0.417361,-0.417361,14.783,14.783,6.66985,6.6697,6.66948,6.66985,6.66969,6.66985,6.66969,0.00404197,-0.000725025,-0.000713187,0.00404197,0.00404197,0.00404197,-0.000725025,-0.000725025,-0.000725025,-0.000725025,-0.000713187,-0.000713187,-0.000713187,-0.000713187,1910.35,1911.15,1886.19,1910.23,1911.2,1886.23,15,15,0,0,0,0,0,0,14.8415,3700,3700,3700,0.1,0.1,0.1,1890.47,1885.79,1860.51,1910.5,1911.33,1886.35,-2.98E-08,48.8773,48.8845,0,12854020,-2.98E-08,48.7226,48.7264,0,12854020,-2.98E-08,47.276,47.2797,0,12854020,-2.98E-08,100,100,0,-2134629628,-2.98E-08,100,100,0,-2134629628,-2.98E-08,100,100,0,-2134629628,189.731,0.0120312,0.815356,0,100,105.299,1,1,0,0,50,2.11E+08,0.001,0.001,0,0,0,0,6603.15,6612.63,6603.83,6613.11,0,0,0,0,0,0,0,16.061,17.5491,13.2711,2.47549,2.5,33.9201,33.9321,2.5,262912,100,100,-2134638332,100,100,-2134638332,100,100,-2134638332,100,100,-2134638332,100,100,-2134638332,100,100,-2134638332,0.0157465,7.75029,7.75029,7.75029,0,0,0,0,0,0,0,0,0,0,0,0,0,0,0,0,0,0,0,0,0,0,0,0,0,0,0,0,0,0,0,0,0,0,0,0,0,0,0,33.0557,0,33.5006,328.247,292.473,332.899,332.94,14.7781,14.7781,-0.417361,30,30,30,8.54938,8.50787,1074012928,1074012928,1074012928,-2134634492,-2134634492,-2134638592,-2134638592,-2134638588,-2134638588,262400,262400,1086595844,1086595844,271104
0,0,0,0.2,0,0,37000,5000,105.479,105.479,106.227,106.227,-0.586444,-0.605333,-0.605333,14.6292,14.6292,6.66992,6.66969,6.66948,6.66993,6.66969,6.66993,6.66969,0.0079393,-0.000704479,-0.000693274,0.0079393,0.0079393,0.0079393,-0.000704479,-0.000704479,-0.000704479,-0.000704479,-0.000693274,-0.000693274,-0.000693274,-0.000693274,1906.38,1912.11,1887.08,1906.11,1912.17,1887.13,15,15,0,0,0,0,0,0,14.6798,3700,3700,3700,0.1,0.1,0.1,1897.34,1883.16,1857.56,1909.95,1912.33,1887.29,-2.98E-08,48.8085,48.8144,0,12854020,-2.98E-08,48.6695,48.6762,0,12854020,-2.98E-08,47.2235,47.2301,0,12854020,-2.98E-08,100,100,0,-2134629628,-2.98E-08,100,100,0,-2134629628,-2.98E-08,100,100,0,-2134629628,189.731,0.0120312,0.815369,0,100,106.394,1,1,0,0,50,2.88E+08,0.001,0.001,0,0,0,0,6610.6,6597.27,6602.93,6612.62,0,0,0,0,0,0,0,18.4858,17.4264,13.1911,2.47405,2.5,33.8378,33.8615,2.5,262912,100,100,-2134638332,100,100,-2134638332,100,100,-2134638332,100,100,-2134638332,100,100,-2134638332,100,100,-2134638332,0.0157461,7.75029,7.75029,7.75029,0,0,0,0,0,0,0,0,0,0,0,0,0,0,0,0,0,0,0,0,0,0,0,0,0,0,0,0,0,0,0,0,0,0,0,0,0,0,0,35.0437,0,35.375,327.972,292.438,332.7,332.74,14.6096,14.6096,-0.605333,30,30,30,7.9664,7.92593,1074012928,1074012928,1074012928,-2134634492,-2134634492,-2134638592,-2134638592,-2134638588,-2134638588,262400,262400,1087644164,1087644164,271104
0,0,0,0.2,0,0,37000,5000,106.656,106.656,107.318,107.318,-0.784608,-0.804538,-0.804538,14.4974,14.4974,6.6702,6.66985,6.66964,6.67022,6.66987,6.67022,6.66987,0.0101365,-0.000930654,-0.000921795,0.0101365,0.0101365,0.0101365,-0.000930654,-0.000930654,-0.000930654,-0.000930654,-0.000921795,-0.000921795,-0.000921795,-0.000921795,1900.23,1913.29,1888.16,1899.91,1913.35,1888.21,15,15,0,0,0,0,0,0,14.5401,3700,3700,3700,0.1,0.1,0.1,1907.24,1878.95,1853.12,1908.47,1913.52,1888.37,-2.98E-08,48.785,48.7838,0,12854020,-2.98E-08,48.5839,48.5939,0,12854020,-2.98E-08,47.1394,47.1492,0,12854020,-2.98E-08,100,100,0,-2134629628,-2.98E-08,100,100,0,-2134629628,-2.98E-08,100,100,0,-2134629628,189.731,0.0120312,0.815381,0,100,107.53,1,1,0,0,50,3.64E+08,0.001,0.001,0,0,0,0,6600.33,6605.83,6600.7,6614.75,0,0,0,0,0,0,0,20.2497,17.3117,13.121,2.4721,2.5,33.732,33.7505,2.5,262912,100,100,-2134638332,100,100,-2134638332,100,100,-2134638332,100,100,-2134638332,100,100,-2134638332,100,100,-2134638332,0.0157492,7.75029,7.75029,7.75029,0,0,0,0,0,0,0,0,0,0,0,0,0,0,0,0,0,0,0,0,0,0,0,0,0,0,0,0,0,0,0,0,0,0,0,0,0,0,0,36.5313,0,36.78,327.906,292.443,332.563,332.604,14.4841,14.4841,-0.804538,30,30,30,7.3475,7.30692,1074012928,1074012928,1074012928,-2134634492,-2134634492,-2134638592,-2134638592,-2134638588,-2134638588,262400,262400,1087644164,1087644164,271104
0,0,0,0.2,0,0,37000,5000,107.898,107.898,108.46,108.46,-1.00366,-1.02402,-1.02402,14.3426,14.3426,6.67066,6.67015,6.66994,6.67068,6.67017,6.67068,6.67017,0.0108271,-0.00163628,-0.00163051,0.0108271,0.0108271,0.0108271,-0.00163628,-0.00163628,-0.00163628,-0.00163628,-0.00163051,-0.00163051,-0.00163051,-0.00163051,1893.82,1914.33,1889.06,1893.58,1914.36,1889.08,15,15,0,0,0,0,0,0,14.3902,3700,3700,3700,0.1,0.1,0.1,1919.64,1873.31,1847.32,1905.9,1914.43,1889.14,-2.98E-08,48.8661,48.853,0,12854020,-2.98E-08,48.4611,48.473,0,12854020,-2.98E-08,47.0193,47.0309,0,12854020,-2.98E-08,100,100,0,-2134629628,-2.98E-08,100,100,0,-2134629628,-2.98E-08,100,100,0,-2134629628,189.731,0.0120312,0.815394,0,100,108.664,1,1,0,0,50,3.70E+08,0.001,0.001,0,0,0,0,6593.6,6609.68,6596.32,6595.4,0,0,0,0,0,0,0,21.8692,17.1942,13.041,2.47099,2.5,33.624,33.6441,2.5,262912,100,100,-2134638332,100,100,-2134638332,100,100,-2134638332,100,100,-2134638332,100,100,-2134638332,100,100,-2134638332,0.0157509,7.75029,7.75029,7.75029,0,0,0,0,0,0,0,0,0,0,0,0,0,0,0,0,0,0,0,0,0,0,0,0,0,0,0,0,0,0,0,0,0,0,0,0,0,0,0,37.6291,0,37.8083,327.717,292.479,332.431,332.472,14.3426,14.3426,-1.00366,30,30,30,6.74326,6.70242,1074012928,1074012928,1074012928,-2134634492,-2134634492,-2134638592,-2134638592,-2134638588,-2134638588,262400,262400,1087644164,1087644164,271104
0,0,0,0.2,0,0,37000,5000,108.98,108.98,109.472,109.472,-1.22325,-1.24539,-1.24539,14.2312,14.2312,6.67109,6.67044,6.67022,6.6711,6.67045,6.6711,6.67045,0.0107684,-0.00269267,-0.0027006,0.0107684,0.0107684,0.0107684,-0.00269267,-0.00269267,-0.00269267,-0.00269267,-0.0027006,-0.0027006,-0.0027006,-0.0027006,1890.4,1914.46,1889.06,1890.31,1914.45,1889.03,15,15,0,0,0,0,0,0,14.2858,3700,3700,3700,0.1,0.1,0.1,1930.48,1867.91,1842.02,1903.22,1914.37,1888.93,-2.98E-08,49.0604,49.0358,0,12854020,-2.98E-08,48.3419,48.3536,0,12854020,-2.98E-08,46.9038,46.9151,0,12854020,-2.98E-08,100,100,0,-2134629628,-2.98E-08,100,100,0,-2134629628,-2.98E-08,100,100,0,-2134629628,189.731,0.0120312,0.815407,0,100,109.673,1,1,0,0,50,3.70E+08,0.001,0.001,0,0,0,0,6603.93,6608.03,6615.61,6600.73,0,0,0,0,0,0,0,22.8796,17.1047,12.9828,2.47141,2.5,33.532,33.5482,2.5,262912,100,100,-2134638332,100,100,-2134638332,100,100,-2134638332,100,100,-2134638332,100,100,-2134638332,100,100,-2134638332,0.0157486,7.75029,7.75029,7.75029,0,0,0,0,0,0,0,0,0,0,0,0,0,0,0,0,0,0,0,0,0,0,0,0,0,0,0,0,0,0,0,0,0,0,0,0,0,0,0,38.4202,0,38.5509,327.612,292.553,332.329,332.371,14.2312,14.2312,-1.22325,30,30,30,6.25299,6.21198,1074012928,1074012928,1074012928,-2134634492,-2134634492,-2134638592,-2134638592,-2134638588,-2134638588,262400,262400,1087644164,1087644164,271104
0,0,0,0.2,0,0,37000,5000,110.026,110.026,110.461,110.461,-1.4331,-1.45337,-1.45337,14.1084,14.1084,6.67143,6.67065,6.67044,6.67144,6.67066,6.67144,6.67066,0.0107389,-0.00395023,-0.00397631,0.0107389,0.0107389,0.0107389,-0.00395023,-0.00395023,-0.00395023,-0.00395023,-0.00397631,-0.00397631,-0.00397631,-0.00397631,1890.27,1913.54,1888.02,1890.35,1913.47,1887.94,15,15,0,0,0,0,0,0,14.1582,3700,3700,3700,0.1,0.1,0.1,1939.86,1863.01,1837.28,1900.86,1913.23,1887.69,-2.98E-08,49.3654,49.3303,0,12854020,-2.98E-08,48.2336,48.2435,0,12854020,-2.98E-08,46.8004,46.8098,0,12854020,-2.98E-08,100,100,0,-2134629628,-2.98E-08,100,100,0,-2134629628,-2.98E-08,100,100,0,-2134629628,189.731,0.0120312,0.815419,0,100,110.657,1,1,0,0,50,3.70E+08,0.001,0.001,0,0,0,0,6597.38,6608.88,6596.34,6602.18,0,0,1,0,0,0,0,23.8475,17.0224,12.9163,2.47166,2.5,33.4459,33.4652,2.5,262912,100,100,-2134638332,100,100,-2134638332,100,100,-2134638332,100,100,-2134638332,100,100,-2134638332,100,100,-2134638332,0.0157459,7.75029,7.75029,7.75029,0,0,0,0,0,0,0,0,0,0,0,0,0,0,0,0,0,0,0,0,0,0,0,0,0,0,0,0,0,0,0,0,0,0,0,0,0,0,0,38.9801,0,39.065,327.447,292.626,332.173,332.215,14.1084,14.1084,-1.4331,30,30,30,5.67462,5.63281,1074012928,1074012928,1074012928,-2134634492,-2134634492,-2134638592,-2134638592,-2134638588,-2134638588,262400,262400,1087644164,1087644164,271104
0,0,0,0.2,0,0,37000,5000,111.039,111.039,111.429,111.429,-1.62815,-1.64597,-1.64597,13.9677,13.9677,6.67161,6.67073,6.67052,6.67162,6.67073,6.67162,6.67073,0.0109116,-0.00525026,-0.00529808,0.0109116,0.0109116,0.0109116,-0.00525026,-0.00525026,-0.00525026,-0.00525026,-0.00529808,-0.00529808,-0.00529808,-0.00529808,1893.59,1911.69,1886.1,1893.84,1911.58,1885.99,15,15,0,0,0,0,0,0,14.0052,3700,3700,3700,0.1,0.1,0.1,1946.9,1858.83,1833.37,1899.38,1911.24,1885.64,-2.98E-08,49.7634,49.7201,0,12854020,-2.98E-08,48.1468,48.1544,0,12854020,-2.98E-08,46.7189,46.726,0,12854020,-2.98E-08,100,100,0,-2134629628,-2.98E-08,100,100,0,-2134629628,-2.98E-08,100,100,0,-2134629628,189.731,0.0120312,0.815431,0,100,111.622,1,1,0,0,50,3.70E+08,0.001,0.001,0,0,0,0,6610.02,6593.17,6606.92,6612.85,0,0,1,0,0,0,0,24.6673,16.948,12.8403,2.47037,2.5,33.3441,33.3652,2.5,262912,100,100,-2134638332,100,100,-2134638332,100,100,-2134638332,100,100,-2134638332,100,100,-2134638332,100,100,-2134638332,0.0157475,7.75029,7.75029,7.75029,0,0,0,0,0,0,0,0,0,0,0,0,0,0,0,0,0,0,0,0,0,0,0,0,0,0,0,0,0,0,0,0,0,0,0,0,0,0,0,39.3262,0,39.3722,327.294,292.674,332.062,332.103,13.9677,13.9677,-1.62815,30,30,30,4.87262,4.83224,1074012928,1074012928,1074012928,-2134634492,-2134634492,-2134638592,-2134638592,-2134638588,-2134638588,262400,262400,1087644164,1087644164,271104
0,0,0,0.2,0,0,37000,5000,112.025,112.025,112.378,112.378,-1.8009,-1.81864,-1.81864,13.7897,13.7897,6.67159,6.67063,6.67042,6.67158,6.67062,6.67158,6.67062,0.0109758,-0.00642868,-0.00649683,0.0109758,0.0109758,0.0109758,-0.00642868,-0.00642868,-0.00642868,-0.00642868,-0.00649683,-0.00649683,-0.00649683,-0.00649683,1900.1,1909.3,1883.7,1900.5,1909.17,1883.58,15,15,0,0,0,0,0,0,13.8368,3700,3700,3700,0.1,0.1,0.1,1951.49,1855.61,1830.47,1899.21,1908.79,1883.2,-2.98E-08,50.2288,50.18,0,12854020,-2.98E-08,48.0823,48.0879,0,12854020,-2.98E-08,46.6598,46.6649,0,12854020,-2.98E-08,100,100,0,-2134629628,-2.98E-08,100,100,0,-2134629628,-2.98E-08,100,100,0,-2134629628,189.731,0.0120312,0.815443,0,100,112.565,1,1,0,0,50,3.70E+08,0.001,0.001,0,0,0,0,6604.25,6592.72,6617.28,6611.73,0,0,1,0,0,0,0,25.4009,16.8783,12.7481,2.46746,2.5,33.2237,33.249,2.5,262912,100,100,-2134638332,100,100,-2134638332,100,100,-2134638332,100,100,-2134638332,100,100,-2134638332,100,100,-2134638332,0.0157504,7.75029,7.75029,7.75029,0,0,0,0,0,0,0,0,0,0,0,0,0,0,0,0,0,0,0,0,0,0,0,0,0,0,0,0,0,0,0,0,0,0,0,0,0,0,0,39.4792,0,39.4899,327.076,292.681,331.938,331.979,13.7897,13.7897,-1.8009,30,30,30,4.06461,4.02423,1074012928,1074012928,1074012928,-2134634492,-2134634492,-2134638592,-2134638592,-2134638588,-2134638588,262400,262400,1087644164,1087644164,271104
0,0,0,0.2,0,0,37000,5000,112.983,112.983,113.306,113.306,-1.98617,-2.00543,-2.00543,13.6399,13.6399,6.67131,6.67031,6.67011,6.67129,6.67029,6.67129,6.67029,0.0106719,-0.00734488,-0.00742808,0.0106719,0.0106719,0.0106719,-0.00734488,-0.00734488,-0.00734488,-0.00734488,-0.00742808,-0.00742808,-0.00742808,-0.00742808,1909.21,1906.82,1881.24,1909.72,1906.7,1881.13,15,15,0,0,0,0,0,0,13.684,3700,3700,3700,0.1,0.1,0.1,1953.86,1853.37,1828.54,1900.61,1906.35,1880.78,-2.98E-08,50.7322,50.6811,0,12854020,-2.98E-08,48.0333,48.0378,0,12854020,-2.98E-08,46.6165,46.6204,0,12854020,-2.98E-08,100,100,0,-2134629628,-2.98E-08,100,100,0,-2134629628,-2.98E-08,100,100,0,-2134629628,189.731,0.0120312,0.815455,0,100,113.489,1,1,0,0,50,3.70E+08,0.001,0.001,0,0,0,0,6603.7,6615.07,6612.39,6611.57,0,0,1,0,0,0,0,25.8615,16.8216,12.6658,2.46616,2.5,33.1056,33.1283,2.5,262912,100,100,-2134638332,100,100,-2134638332,100,100,-2134638332,100,100,-2134638332,100,100,-2134638332,100,100,-2134638332,0.0157506,7.75029,7.75029,7.75029,0,0,0,0,0,0,0,0,0,0,0,0,0,0,0,0,0,0,0,0,0,0,0,0,0,0,0,0,0,0,0,0,0,0,0,0,0,0,0,39.4867,0,39.4754,326.953,292.672,331.823,331.863,13.6399,13.6399,-1.98617,30,30,30,3.30899,3.26849,1074012928,1074012928,1074012928,-2134634492,-2134634492,-2134638592,-2134638592,-2134638588,-2134638588,262400,262400,1087644164,1087644164,271104
0,0,0,0.2,0,0,37000,5000,113.919,113.919,114.216,114.216,-2.18242,-2.20216,-2.20216,13.4886,13.4886,6.6708,6.66978,6.66958,6.67077,6.66975,6.67077,6.66975,0.0100879,-0.00791809,-0.00800853,0.0100879,0.0100879,0.0100879,-0.00791809,-0.00791809,-0.00791809,-0.00791809,-0.00800853,-0.00800853,-0.00800853,-0.00800853,1920.16,1904.58,1879.05,1920.74,1904.48,1878.96,15,15,0,0,0,0,0,0,13.5337,3700,3700,3700,0.1,0.1,0.1,1954.34,1851.96,1827.41,1903.66,1904.18,1878.66,-2.98E-08,51.2393,51.1895,0,12854020,-2.98E-08,47.9898,47.9943,0,12854020,-2.98E-08,46.5786,46.5824,0,12854020,-2.98E-08,100,100,0,-2134629628,-2.98E-08,100,100,0,-2134629628,-2.98E-08,100,100,0,-2134629628,189.731,0.0120312,0.815467,0,100,114.395,1,1,0,0,50,3.70E+08,0.001,0.001,0,0,0,0,6616.59,6593.56,6610.46,6593.83,0,0,1,0,0,0,0,26.2307,16.773,12.5839,2.46543,2.5,32.9906,33.0138,2.5,262912,100,100,-2134638332,100,100,-2134638332,100,100,-2134638332,100,100,-2134638332,100,100,-2134638332,100,100,-2134638332,0.0157475,7.75029,7.75029,7.75029,0,0,0,0,0,0,0,0,0,0,0,0,0,0,0,0,0,0,0,0,0,0,0,0,0,0,0,0,0,0,0,0,0,0,0,0,0,0,0,39.3924,0,39.3634,326.785,292.64,331.707,331.748,13.4886,13.4886,-2.18242,30,30,30,2.54895,2.50839,1074012928,1074012928,1074012928,-2134634492,-2134634492,-2134638592,-2134638592,-2134638588,-2134638588,262400,262400,1087644164,1087644164,271104
0,0,0,0.2,0,0,37000,5000,114.832,114.832,115.105,115.105,-2.37854,-2.39799,-2.39799,13.3368,13.3368,6.67006,6.66905,6.66884,6.67002,6.66901,6.67002,6.66901,0.00937758,-0.00814976,-0.00824018,0.00937758,0.00937758,0.00937758,-0.00814976,-0.00814976,-0.00814976,-0.00814976,-0.00824018,-0.00824018,-0.00824018,-0.00824018,1932.17,1902.8,1877.34,1932.79,1902.73,1877.27,15,15,0,0,0,0,0,0,13.3814,3700,3700,3700,0.1,0.1,0.1,1953.33,1851.22,1826.89,1908.29,1902.51,1877.07,-2.98E-08,51.7154,51.6701,0,12854020,-2.98E-08,47.9396,47.9453,0,12854020,-2.98E-08,46.5341,46.5391,0,12854020,-2.98E-08,100,100,0,-2134629628,-2.98E-08,100,100,0,-2134629628,-2.98E-08,100,100,0,-2134629628,189.731,0.0120312,0.81548,0,100,115.281,1,1,0,0,50,3.70E+08,0.001,0.001,0,0,0,0,6594.24,6603.65,6592.5,6598.69,0,0,1,0,0,0,0,26.515,16.7317,12.5009,2.46474,2.5,32.8737,32.8973,2.5,262912,100,100,-2134638332,100,100,-2134638332,100,100,-2134638332,100,100,-2134638332,100,100,-2134638332,100,100,-2134638332,0.015746,7.75029,7.75029,7.75029,0,0,0,0,0,0,0,0,0,0,0,0,0,0,0,0,0,0,0,0,0,0,0,0,0,0,0,0,0,0,0,0,0,0,0,0,0,0,0,39.2184,0,39.1757,326.608,292.591,331.591,331.632,13.3368,13.3368,-2.37854,30,30,30,1.77295,1.73233,1074012928,1074012928,1074012928,-2134634492,-2134634492,-2134638592,-2134638592,-2134638588,-2134638588,262400,262400,1087644164,1087644164,271104
0,0,0,0.2,0,0,37000,5000,115.726,115.726,115.979,115.979,-2.57145,-2.59052,-2.59052,13.184,13.184,6.67143,6.67043,6.67022,6.67198,6.67098,6.67198,6.67098,0.00857203,-0.00807454,-0.00816144,0.00857203,0.00857203,0.00857203,-0.00807454,-0.00807454,-0.00807454,-0.00807454,-0.00816144,-0.00816144,-0.00816144,-0.00816144,1944.57,1901.6,1876.2,1945.2,1901.56,1876.16,15,15,0,0,0,0,0,0,13.2274,3700,3700,3700,0.1,0.1,0.1,1938.7,1837.78,1794.55,1914.3,1901.43,1876.03,-2.98E-08,52.1282,52.0912,0,12854020,-2.98E-08,47.8702,47.8789,0,12854020,-2.98E-08,46.4642,46.4757,0,12854020,-2.98E-08,100,100,0,-2134629628,-2.98E-08,100,100,0,-2134629628,-2.98E-08,100,100,0,-2134629628,189.731,0.0120312,0.815492,0,100,116.151,1,1,0,0,50,3.70E+08,0.001,0.001,0,0,0,0,6615.52,6611.93,6606.58,6591.61,0,0,1,0,0,0,0,26.7298,16.6967,12.4168,2.46408,2.5,32.7549,32.7789,2.5,262912,100,100,-2134638332,100,100,-2134638332,100,100,-2134638332,100,100,-2134638332,100,100,-2134638332,100,100,-2134638332,0.0157487,7.75029,7.75029,7.75029,0,0,0,0,0,0,0,0,0,0,0,0,0,0,0,0,0,0,0,0,0,0,0,0,0,0,0,0,0,0,0,0,0,0,0,0,0,0,0,38.9835,0,38.9306,326.421,292.531,331.473,331.514,13.184,13.184,-2.57145,30,30,30,0.97821,0.937592,1074012928,1074012928,1074012928,-2134634492,-2134634492,-2134638592,-2134638592,-2134638588,-2134638588,262400,262400,1087644164,1087644164,271104
0,0,0,0.2,0,0,37000,5000,116.599,116.599,116.831,116.831,-2.76475,-2.7858,-2.7858,12.9703,12.9703,6.67402,6.67305,6.67286,6.67474,6.67378,6.67474,6.67378,0.00472433,-0.0111687,-0.011347,0.00472433,0.00472433,0.00472433,-0.0111687,-0.0111687,-0.0111687,-0.0111687,-0.011347,-0.011347,-0.011347,-0.011347,1956.5,1900.5,1874.86,1957.06,1900.41,1874.72,15,15,0,0,0,0,0,0,13.0635,3700,3700,3700,0.1,0.1,0.1,1903.5,1803.94,1728.85,1921.42,1900.12,1874.3,-2.98E-08,52.3785,52.3589,0,12854020,-2.98E-08,47.7173,47.7319,0,12854020,-2.98E-08,46.2864,46.3001,0,12854020,-2.98E-08,100,100,0,-2134629628,-2.98E-08,100,100,0,-2134629628,-2.98E-08,100,100,0,-2134629628,189.731,0.0120312,0.815504,0,100,116.997,1,1,1,1,50,3.70E+08,0.000356129,0.000345017,0,0,0,0,6607.34,6605.48,6596.91,6603.26,0,0,1,0,0,0,0,27.2388,16.6529,12.2935,2.46026,2.5,32.613,32.648,2.5,262912,100,100,-2134638332,100,100,-2134638332,100,100,-2134638332,100,100,-2134638332,100,100,-2134638332,100,100,-2134638332,0.0157511,7.75029,7.75029,7.75029,0,0,0,0,0,0,0,0,0,0,0,0,0,0,0,0,0,0,0,0,0,0,0,0,0,0,0,0,0,0,0,0,0,0,0,0,0,0,0,38.6819,0,38.6058,326.182,292.442,326.788,326.767,12.9703,12.9703,-2.76475,30,30,30,4.63193,4.65292,1074012928,1074012928,1074012928,-2134634492,-2134634492,-2134638592,-2134638592,-2134638588,-2134638588,262400,262400,1087644164,1087644164,271104
0,0,0,0.2,0,0,37000,5000,117.442,117.442,117.647,117.647,-3.00456,-3.03151,-3.03151,12.6665,12.6665,6.78596,6.78513,6.78495,6.78633,6.78549,6.78633,6.78549,-0.0413853,-0.0648637,-0.0681535,-0.0413853,-0.0413853,-0.0413853,-0.0648637,-0.0648637,-0.0648637,-0.0648637,-0.0681535,-0.0681535,-0.0681535,-0.0681535,1963.87,1894.17,1865.26,1963.43,1892.66,1862.75,15,15,0,0,0,0,0,0,12.8269,3700,3700,3700,0.1,0.1,0.1,793.137,527.723,543.268,1928.86,1887.07,1853.76,-2.98E-08,51.5588,51.7149,0,12854020,-2.98E-08,46.7353,46.8436,0,12854020,-2.98E-08,44.6199,44.7198,0,12854020,-2.98E-08,100,100,0,-2134629628,-2.98E-08,100,100,0,-2134629628,-2.98E-08,100,100,0,-2134629628,189.731,0.0120312,0.815516,0,100,117.807,1,1,1,1,50,3.70E+08,0.000135687,0.000133684,0,0,0,0,6611.6,6597.02,6606.98,6616.6,0,0,1,0,0,0,0,27.5812,16.6102,12.1374,2.45149,2.5,32.4043,32.4476,2.5,262912,100,100,-2134638332,100,100,-2134638332,100,100,-2134638332,100,100,-2134638332,100,100,-2134638332,100,100,-2134638332,0.01575,7.75029,7.75029,7.75029,0,0,0,0,0,0,0,0,0,0,0,0,0,0,0,0,0,0,0,0,0,0,0,0,0,0,0,0,0,0,0,0,0,0,0,0,0,0,0,38.2537,0,38.16,325.029,292.317,323.723,324.098,12.6665,12.6665,-3.00456,30,30,30,6.18961,5.81418,1074012928,1074012928,1074012928,-2134634492,-2134634492,-2134638592,-2134638592,-2134638588,-2134638588,262400,262400,1087644164,1087644164,271104
0,0,0,0.2,0,0,37000,5000,118.249,118.249,118.427,118.427,-3.26454,-3.2895,-3.2895,12.4315,12.4315,6.80037,6.79981,6.79971,6.80197,6.80142,6.80197,6.80142,-0.13177,-0.168036,-0.175358,-0.13177,-0.13177,-0.13177,-0.168036,-0.168036,-0.168036,-0.168036,-0.175358,-0.175358,-0.175358,-0.175358,1938,1843.12,1795.72,1936.12,1840.51,1792.63,15,15,0,0,0,0,0,0,12.5726,3700,3700,3700,0.1,0.1,0.1,962.893,835.021,818.592,1931.87,1833.81,1784.81,-2.98E-08,49.8488,50.0297,0,12854020,-2.98E-08,46.3428,46.3678,0,12854020,-2.98E-08,44.4221,44.4296,0,12854020,-2.98E-08,100,100,0,-2134629628,-2.98E-08,100,100,0,-2134629628,-2.98E-08,100,100,0,-2134629628,189.731,0.0120312,0.815529,0,100,118.579,1,1,1,1,50,3.70E+08,0.000125409,0.000123613,0,0,0,0,6598.32,6615.06,6613.77,6608.55,0,0,1,0,0,0,0,27.7956,16.5744,11.9909,2.44729,2.5,32.2108,32.2518,2.5,262912,100,100,-2134638332,100,100,-2134638332,100,100,-2134638332,100,100,-2134638332,100,100,-2134638332,100,100,-2134638332,0.0157467,7.75029,7.75029,7.75029,0,0,0,0,0,0,0,0,0,0,0,0,0,0,0,0,0,0,0,0,0,0,0,0,0,0,0,0,0,0,0,0,0,0,0,0,0,0,0,37.7755,0,37.6725,322.24,292.24,319.825,320.234,12.4315,12.4315,-3.26454,30,30,30,8.55154,8.14255,1074012928,1074012928,1074012928,-2134634492,-2134634492,-2134638592,-2134638592,-2134638588,-2134638588,262400,262400,1087644164,1087644164,271104
0,0,0,0.2,0,0,37000,5000,119.015,119.015,119.169,119.169,-3.51752,-3.54313,-3.54313,12.1339,12.1339,6.83508,6.8348,6.83477,6.83691,6.83664,6.83691,6.83664,-0.2183,-0.261025,-0.269454,-0.2183,-0.2183,-0.2183,-0.261025,-0.261025,-0.261025,-0.261025,-0.269454,-0.269454,-0.269454,-0.269454,1901.91,1809.92,1759.03,1899.95,1808.79,1757.91,15,15,0,0,0,0,0,0,12.3079,3700,3700,3700,0.1,0.1,0.1,935.253,856.897,847.792,1927.98,1806.11,1755.38,-2.98E-08,47.9461,48.1487,0,12854020,-2.98E-08,45.983,46.0343,0,12854020,-2.98E-08,44.2142,44.252,0,12854020,-2.98E-08,100,100,0,-2134629628,-2.98E-08,100,100,0,-2134629628,-2.98E-08,100,100,0,-2134629628,189.731,0.0120312,0.815541,0,100,119.313,1,1,1,1,50,3.70E+08,0.000116963,0.000115185,0,0,0,0,6597.03,6595,6593.54,6609.05,0,0,1,0,0,0,0,27.9358,16.5418,11.8251,2.44093,2.5,31.9833,32.0295,2.5,262912,100,100,-2134638332,100,100,-2134638332,100,100,-2134638332,100,100,-2134638332,100,100,-2134638332,100,100,-2134638332,0.0157467,7.75029,7.75029,7.75029,0,0,0,0,0,0,0,0,0,0,0,0,0,0,0,0,0,0,0,0,0,0,0,0,0,0,0,0,0,0,0,0,0,0,0,0,0,0,0,37.2418,0,37.1317,319.106,292.284,316.318,316.602,12.1339,12.1339,-3.51752,30,30,30,10.3814,10.0977,1074012928,1074012928,1074012928,-2134634492,-2134634492,-2134638592,-2134638592,-2134638588,-2134638588,262400,262400,1087644164,1087644164,271104
0,0,0,0.2,0,0,37000,5000,119.743,119.743,119.875,119.875,-3.77128,-3.79627,-3.79627,11.8569,11.8569,6.87357,6.87344,6.87345,6.87549,6.87536,6.87549,6.87536,-0.298197,-0.340443,-0.347461,-0.298197,-0.298197,-0.298197,-0.340443,-0.340443,-0.340443,-0.340443,-0.347461,-0.347461,-0.347461,-0.347461,1859.09,1792.29,1743.34,1856.48,1791.28,1742.48,15,15,0,0,0,0,0,0,12.0283,3700,3700,3700,0.1,0.1,0.1,916.934,862.986,855.427,1917.48,1788.69,1740.36,-2.98E-08,45.93,46.1261,0,12854020,-2.98E-08,45.4994,45.537,0,12854020,-2.98E-08,43.8484,43.8749,0,12854020,-2.98E-08,100,100,0,-2134629628,-2.98E-08,100,100,0,-2134629628,-2.98E-08,100,100,0,-2134629628,189.731,0.0120312,0.815553,0,100,120.013,1,1,1,1,50,3.70E+08,0.000110066,0.000108306,0,0,0,0,6615.15,6606.16,6616.04,6612.79,0,0,1,0,0,0,0,27.9664,16.5159,11.6616,2.43664,2.5,31.7537,31.7999,2.5,262912,100,100,-2134638332,100,100,-2134638332,100,100,-2134638332,100,100,-2134638332,100,100,-2134638332,100,100,-2134638332,0.0157499,7.75029,7.75029,7.75029,0,0,0,0,0,0,0,0,0,0,0,0,0,0,0,0,0,0,0,0,0,0,0,0,0,0,0,0,0,0,0,0,0,0,0,0,0,0,0,36.6874,0,36.5756,316.217,292.646,313.124,313.336,11.8569,11.8569,-3.77128,30,30,30,11.8,11.5884,1074012928,1074012928,1074012928,-2134634492,-2134634492,-2134638592,-2134638592,-2134638588,-2134638588,262400,262400,1087644164,1087644164,271104
0,0,0,0.2,0,0,37000,10,120.368,120.368,120.483,120.483,-3.99291,-4.017,-4.017,11.6042,11.6042,6.90848,6.90837,6.90839,6.91034,6.91022,6.91034,6.91022,-0.363754,-0.408709,-0.416018,-0.363754,-0.363754,-0.363754,-0.408709,-0.408709,-0.408709,-0.408709,-0.416018,-0.416018,-0.416018,-0.416018,1807.71,1775.2,1729.48,1804.4,1774.09,1728.57,15,15,0,0,0,0,0,0,11.77,3700,3700,3700,0.1,0.1,0.1,908.185,855.359,847.477,1901.33,1771.06,1726.21,-2.98E-08,44.2285,44.4079,0,12854020,-2.98E-08,45.2652,45.2797,0,12854020,-2.98E-08,43.7129,43.7168,0,12854020,-2.98E-08,100,100,0,-2134629628,-2.98E-08,100,100,0,-2134629628,-2.98E-08,100,100,0,-2134629628,189.731,0.0120312,0.815564,0,100,120.615,1,1,1,1,50,3.70E+08,0.000104685,0.000102947,0,0,0,0,6590.59,6613.21,6602,6612.22,0,0,1,0,0,0,0,27.9453,16.4969,11.5124,2.43337,2.5,31.5412,31.5887,2.5,262912,100,100,-2134638332,100,100,-2134638332,100,100,-2134638332,100,100,-2134638332,100,100,-2134638332,100,100,-2134638332,0.0157513,7.75029,7.75029,7.75029,0,0,0,0,0,0,0,0,0,0,0,0,0,0,0,0,0,0,0,0,0,0,0,0,0,0,0,0,0,0,0,0,0,0,0,0,0,0,0,36.1293,0,36.0187,313.459,293.276,310.365,310.528,11.577,11.577,-4.017,30,30,30,12.7067,12.5438,1074012928,1074012928,1074012928,-2134634492,-2134634492,-2134638592,-2134638592,-2134638588,-2134638588,262400,262400,1087644164,1087644164,271104
0,0,0,0.2,0,0,37000,10,121.029,121.029,121.132,121.132,-4.22838,-4.25127,-4.25127,11.329,11.329,6.94484,6.94462,6.94464,6.94657,6.94633,6.94657,6.94633,-0.433041,-0.482732,-0.490535,-0.433041,-0.433041,-0.433041,-0.482732,-0.482732,-0.482732,-0.482732,-0.490535,-0.490535,-0.490535,-0.490535,1727.22,1743.28,1701.34,1720.99,1739.68,1697.84,15,15,0,0,0,0,0,0,11.4838,3700,3700,3700,0.1,0.1,0.1,905.758,834.948,826.285,1873.62,1725.37,1683.79,-2.98E-08,42.7139,42.8342,0,13902340,-2.98E-08,45.8682,45.6579,0,13902340,-2.98E-08,44.4319,44.2072,0,13902340,-2.98E-08,100,100,0,13902340,-2.98E-08,100,100,0,13902340,-2.98E-08,100,100,0,13902340,189.731,9.81939,0.815576,0,100,121.257,1,1,1,1,50,11000,9.93E-05,9.76E-05,0,0,0,0,6596.3,6591.56,6608.19,6598.51,0,0,1,0,0,0,0,26.1382,15.7979,11.1436,2.41872,2.5,31.2466,31.3412,2.5,262912,100,100,-2132537340,100,100,-2134638332,100,100,-2132537340,100,100,-2134638332,100,100,-2132537340,100,100,-2134638332,0.0157494,7.75029,7.75029,7.75029,0,0,0,0,0,0,0,0,0,0,0,0,0,0,0,0,0,0,0,0,0,0,0,0,0,0,0,0,0,0,0,0,0,0,0,0,0,0,0,35.9038,0,35.8777,310.969,293.983,308.15,308.273,11.3007,11.3007,-4.25127,30,30,30,12.0179,12.9236,1074012928,1074012928,1074012928,-2134634492,-2134634492,-2134638592,-2134638592,-2134638588,-2134638588,262400,262400,1087644164,1087644164,271104
0,0,0,0.2,0,0,37000,10,121.659,121.659,121.748,121.748,-4.45219,-4.4739,-4.4739,11.0564,11.0564,6.97651,6.97612,6.97614,6.97795,6.97754,6.97795,6.97754,-0.5034,-0.557038,-0.564385,-0.5034,-0.5034,-0.5034,-0.557038,-0.557038,-0.557038,-0.557038,-0.564385,-0.564385,-0.564385,-0.564385,1262.08,1323.93,1291.72,1208.03,1271.34,1240.71,15,15,0,0,0,0,0,0,11.2001,3700,3700,3700,0.1,0.1,0.1,903.922,808.748,798.532,1791.23,1099.24,1073.19,-2.98E-08,42.7404,42.552,0,13902340,-2.98E-08,61.6804,58.4463,0,13902340,-2.98E-08,60.0676,56.8938,0,13902340,-2.98E-08,100,100,0,13902340,-2.98E-08,100,100,0,13902340,-2.98E-08,100,100,0,13902340,189.731,27.4498,0.815589,0,100,121.868,1,1,1,1,50,11000,9.43E-05,9.26E-05,0,0,0,0,6589.32,6591.79,6601.32,6591.45,0,0,1,0,0,0,0,26.4669,15.7044,10.1835,2.32398,2.5,30.1689,30.4311,2.5,262912,100,100,-2132537340,100,100,-2134638332,100,100,-2132537340,100,100,-2134638332,100,100,-2132537340,100,100,-2134638332,0.0157464,7.75029,7.75029,7.75029,0,0,0,0,0,0,0,0,0,0,0,0,0,0,0,0,0,0,0,0,0,0,0,0,0,0,0,0,0,0,0,0,0,0,0,0,0,0,0,35.7409,0,35.6994,308.94,294.57,306.512,306.605,11.0292,11.0292,-4.4739,30,30,30,11.8302,12.7021,1074012928,1074012928,1074012928,-2134634492,-2134634492,-2134638592,-2134638592,-2134638588,-2134638588,262400,262400,1087644164,1087644164,271104
0,0,0,0.2,0,0,37000,10,122.264,122.264,122.343,122.343,-4.66406,-4.68465,-4.68465,10.7782,10.7782,7.00158,7.001,7.00101,7.0025,7.00196,7.0025,7.00196,-0.585276,-0.643584,-0.649832,-0.585276,-0.585276,-0.585276,-0.643584,-0.643584,-0.643584,-0.643584,-0.649832,-0.649832,-0.649832,-0.649832,186.877,284.323,235.641,162.159,255.891,206.596,2.07573,5.33425,0,0,0,0,0,0,11.0022,3700,3700,3700,0.1,0.1,0.1,897.965,779.311,768.843,1539.67,204.638,143.883,-2.98E-08,48.8135,47.8927,0,13902340,-2.98E-08,99.8089,96.4529,0,13902340,-2.98E-08,98.9377,95.3557,0,13902340,-2.98E-08,100,100,0,13902340,-2.98E-08,100,100,0,13902340,-2.98E-08,100,100,0,13902340,189.731,49.9622,0.815601,0,100,122.459,1,1,1,1,50,11000,8.96E-05,8.80E-05,0,0,0,0,6599.08,6589.86,6611.19,6611.43,0,0,1,0,0,0,0,26.6646,15.6007,9.136,2.23027,2.5,28.7331,29.0331,2.5,262912,100,100,-2132537340,100,100,-2134638332,100,100,-2132537340,100,100,-2134638332,100,100,-2132537340,100,100,-2134638332,0.0157475,7.75029,7.75029,7.75029,0,0,0,0,0,0,0,0,0,0,0,0,0,0,0,0,0,0,0,0,0,0,0,0,0,0,0,0,0,0,0,0,0,0,0,0,0,0,0,35.5121,0,35.4616,307.318,294.912,305.309,305.382,10.7503,10.7503,-4.68465,30,30,30,11.1081,12.0044,1074012928,1074012928,1074012928,1079250948,1079250948,13893648,13893648,-2134638588,-2134638588,262400,262400,1087644164,1087644164,271104
0,0,0,0.2,0,0,37000,10,130.613,130.613,130.629,130.629,-5.86417,-5.86401,-5.86401,7.46989,7.46989,7.06583,7.06593,7.066,7.06579,7.06589,7.06579,7.06589,-1.8,-1.8,-1.79828,-1.8,-1.8,-1.8,-1.8,-1.8,-1.8,-1.8,-1.79828,-1.79828,-1.79828,-1.79828,4.00E-09,2.04E-09,1.55E-09,3.60E-09,1.83E-09,1.39E-09,1.47E-10,7.51E-11,115.112,115.134,115.4,50,50,50,11.0022,3700,3700,3700,0.1,0.1,0.1,153.974,137.682,142.188,26.9496,1.34E-09,1.02E-09,-2.98E-08,100,100,0,1087644164,-2.98E-08,100,100,0,1087644164,-2.98E-08,100,100,0,1087644164,-2.98E-08,55.29,55.29,0,1087644164,-2.98E-08,55.3,55.3,0,1087644164,-2.98E-08,57.87,57.87,0,1087644164,189.731,184.139,0.815852,0,100,130.694,1,1,1,1,50,11000,4.55E-05,4.46E-05,0,0,1,0,6601.53,6595.04,6589.5,6593.24,0,0,1,0,0,1,0,0,16.8514,0,1.25313,2.5,0,0,2.5,262912,100,100,-2132537340,100,100,-2132537340,100,100,-2132537340,100,100,-2132537340,100,100,-2132537340,100,100,-2132537340,0.0157539,7.75029,7.75029,7.75029,0,0,0,0,0,0,0,0,0,0,0,0,0,0,0,0,0,0,0,0,0,0,0,0,0,0,0,0,0,0,0,0,0,0,0,0,0,0,0,100,0,100,291.399,290.64,293.595,293.584,7.46882,7.46882,-5.86401,30,30,30,-2.69202,-2.68048,1074012928,1074012928,1074012928,1079250948,1079250948,1087635456,1087635456,1086586884,1086586884,262400,262400,1087635972,1087635972,271104
0,0,0,0.2,0,0,37000,10,130.932,130.932,130.949,130.949,-5.86263,-5.86248,-5.86248,7.45989,7.45989,7.06458,7.06468,7.06477,7.0645,7.0646,7.0645,7.0646,-1.8,-1.8,-1.8,-1.8,-1.8,-1.8,-1.8,-1.8,-1.8,-1.8,-1.8,-1.8,-1.8,-1.8,4.86E-10,2.48E-10,1.88E-10,4.38E-10,2.23E-10,1.70E-10,1.79E-11,9.13E-12,119.318,119.322,119.499,50,50,50,11.0022,3700,3700,3700,0.1,0.1,0.1,156.838,139.381,144.204,22.0906,1.62E-10,1.24E-10,-2.98E-08,100,100,0,1087644164,-2.98E-08,100,100,0,1087644164,-2.98E-08,100,100,0,1087644164,-2.98E-08,55.29,55.29,0,1087644164,-2.98E-08,55.3,55.3,0,1087644164,-2.98E-08,57.87,57.87,0,1087644164,189.731,185.334,0.815864,0,100,131.013,1,1,1,1,50,11000,4.44E-05,4.35E-05,0,0,1,0,6606.72,6606.72,6597.59,6607,0,0,1,0,0,1,0,0,16.8768,0,1.25313,2.5,0,0,2.5,262912,100,100,-2132537340,100,100,-2132537340,100,100,-2132537340,100,100,-2132537340,100,100,-2132537340,100,100,-2132537340,0.0157516,7.75029,7.75029,7.75029,0,0,0,0,0,0,0,0,0,0,0,0,0,0,0,0,0,0,0,0,0,0,0,0,0,0,0,0,0,0,0,0,0,0,0,0,0,0,0,100,0,100,291.312,290.523,293.549,293.537,7.45896,7.45896,-5.86248,30,30,30,-2.73273,-2.72134,1074012928,1074012928,1074012928,1079250948,1079250948,1087635456,1087635456,1086586884,1086586884,262400,262400,1087635972,1087635972,271104
0,0,0,0.2,0,0,37000,10,131.25,131.25,131.266,131.266,-5.86104,-5.86088,-5.86088,7.45106,7.45106,7.06267,7.06281,7.0629,7.06256,7.0627,7.06256,7.0627,-1.8,-1.8,-1.8,-1.8,-1.8,-1.8,-1.8,-1.8,-1.8,-1.8,-1.8,-1.8,-1.8,-1.8,5.91E-11,3.01E-11,2.29E-11,5.32E-11,2.71E-11,2.06E-11,2.18E-12,1.11E-12,123.641,123.62,123.681,50,50,50,11.0022,3700,3700,3700,0.1,0.1,0.1,158.299,141.578,146.436,18.1078,1.98E-11,1.50E-11,-2.98E-08,100,100,0,1087644164,-2.98E-08,100,100,0,1087644164,-2.98E-08,100,100,0,1087644164,-2.98E-08,55.29,55.29,0,1087644164,-2.98E-08,55.3,55.3,0,1087644164,-2.98E-08,57.87,57.87,0,1087644164,189.731,186.217,0.815876,0,100,131.33,1,1,1,1,50,11000,4.34E-05,4.25E-05,0,0,1,0,6591.21,6591.71,6601.71,6587.57,0,0,1,0,0,1,0,0,16.8855,0,1.25313,2.5,0,0,2.5,262912,100,100,-2132537340,100,100,-2132537340,100,100,-2132537340,100,100,-2132537340,100,100,-2132537340,100,100,-2132537340,0.015749,7.75029,7.75029,7.75029,0,0,0,0,0,0,0,0,0,0,0,0,0,0,0,0,0,0,0,0,0,0,0,0,0,0,0,0,0,0,0,0,0,0,0,0,0,0,0,100,0,100,291.234,290.412,293.487,293.476,7.45024,7.45024,-5.86088,30,30,30,-2.74829,-2.737,1074012928,1074012928,1074012928,1079250948,1079250948,1087635456,1087635456,1086586884,1086586884,262400,262400,1087635972,1087635972,271104
0,0,0,0.2,0,0,37000,10,131.565,131.565,131.582,131.582,-5.85994,-5.8599,-5.8599,7.44299,7.44299,7.06015,7.06035,7.06044,7.06002,7.06021,7.06002,7.06021,-1.8,-1.8,-1.8,-1.8,-1.8,-1.8,-1.8,-1.8,-1.8,-1.8,-1.8,-1.8,-1.8,-1.8,7.19E-12,3.66E-12,2.78E-12,6.47E-12,3.29E-12,2.51E-12,2.65E-13,1.35E-13,127.661,127.606,127.614,50,50,50,11.0022,3700,3700,3700,0.1,0.1,0.1,159.112,144.007,148.737,14.843,2.40E-12,1.83E-12,-2.98E-08,100,100,0,1087644164,-2.98E-08,100,100,0,1087644164,-2.98E-08,100,100,0,1087644164,-2.98E-08,55.29,55.29,0,1087644164,-2.98E-08,55.3,55.3,0,1087644164,-2.98E-08,57.87,57.87,0,1087644164,189.731,186.882,0.815889,0,100,131.645,1,1,1,1,50,11000,4.24E-05,4.16E-05,0,0,1,0,6594.04,6604.83,6596.91,6602.87,0,0,1,0,0,1,0,0,16.8865,0,1.25313,2.5,0,0,2.5,262912,100,100,-2132537340,100,100,-2132537340,100,100,-2132537340,100,100,-2132537340,100,100,-2132537340,100,100,-2132537340,0.0157509,7.75029,7.75029,7.75029,0,0,0,0,0,0,0,0,0,0,0,0,0,0,0,0,0,0,0,0,0,0,0,0,0,0,0,0,0,0,0,0,0,0,0,0,0,0,0,100,0,100,291.161,290.321,293.413,293.402,7.44218,7.44218,-5.8599,30,30,30,-2.7475,-2.73627,1074012928,1074012928,1074012928,1079250948,1079250948,1087635456,1087635456,1086586884,1086586884,262400,262400,1087635972,1087635972,271104
0,0,0,0.2,0,0,37000,10,131.878,131.878,131.895,131.895,-5.86173,-5.86208,-5.86208,7.43521,7.43521,7.05713,7.05739,7.05749,7.05697,7.05723,7.05697,7.05723,-1.8,-1.8,-1.8,-1.8,-1.8,-1.8,-1.8,-1.8,-1.8,-1.8,-1.8,-1.8,-1.8,-1.8,8.74E-13,4.45E-13,3.39E-13,7.86E-13,4.01E-13,3.05E-13,3.22E-14,1.64E-14,131.163,131.069,131.052,50,50,50,11.0022,3700,3700,3700,0.1,0.1,0.1,159.367,146.199,150.754,12.1668,2.92E-13,2.22E-13,-2.98E-08,100,100,0,1087644164,-2.98E-08,100,100,0,1087644164,-2.98E-08,100,100,0,1087644164,-2.98E-08,55.29,55.29,0,1087644164,-2.98E-08,55.3,55.3,0,1087644164,-2.98E-08,57.87,57.87,0,1087644164,189.731,187.374,0.815901,0,100,131.958,1,1,1,1,50,11000,4.15E-05,4.07E-05,0,0,1,0,6591.92,6588.97,6591.54,6586.97,0,0,1,0,0,1,0,0,16.8865,0,1.25313,2.5,0,0,2.5,262912,100,100,-2132537340,100,100,-2132537340,100,100,-2132537340,100,100,-2132537340,100,100,-2132537340,100,100,-2132537340,0.0157539,7.75029,7.75029,7.75029,0,0,0,0,0,0,0,0,0,0,0,0,0,0,0,0,0,0,0,0,0,0,0,0,0,0,0,0,0,0,0,0,0,0,0,0,0,0,0,100,0,100,291.089,290.252,293.334,293.323,7.43438,7.43438,-5.86208,30,30,30,-2.73932,-2.72818,1074012928,1074012928,1074012928,1079250948,1079250948,1087635456,1087635456,1086586884,1086586884,262400,262400,1087635972,1087635972,271104
0,0,0,0.2,0,0,37000,10,132.189,132.189,132.207,132.207,-5.864,-5.86401,-5.86401,7.42735,7.42735,7.05359,7.05392,7.05403,7.0534,7.05374,7.0534,7.05374,-1.8,-1.8,-1.8,-1.8,-1.8,-1.8,-1.8,-1.8,-1.8,-1.8,-1.8,-1.8,-1.8,-1.8,1.06E-13,5.41E-14,4.12E-14,9.56E-14,4.87E-14,3.70E-14,3.92E-15,1.99E-15,134.149,134.013,133.982,50,50,50,11.0022,3700,3700,3700,0.1,0.1,0.1,159.687,148.368,152.741,9.97316,3.55E-14,2.70E-14,-2.98E-08,100,100,0,1087644164,-2.98E-08,100,100,0,1087644164,-2.98E-08,100,100,0,1087644164,-2.98E-08,55.29,55.29,0,1087644164,-2.98E-08,55.3,55.3,0,1087644164,-2.98E-08,57.87,57.87,0,1087644164,189.731,187.72,0.815913,0,100,132.269,1,1,1,1,50,11000,4.06E-05,3.98E-05,0,0,1,0,6607.62,6588.14,6595.68,6592.62,0,0,1,0,0,1,0,0,16.8865,0,1.25313,2.5,0,0,2.5,262912,100,100,-2132537340,100,100,-2132537340,100,100,-2132537340,100,100,-2132537340,100,100,-2132537340,100,100,-2132537340,0.0157541,7.75029,7.75029,7.75029,0,0,0,0,0,0,0,0,0,0,0,0,0,0,0,0,0,0,0,0,0,0,0,0,0,0,0,0,0,0,0,0,0,0,0,0,0,0,0,100,0,100,291.015,290.203,293.259,293.248,7.42656,7.42656,-5.86401,30,30,30,-2.73782,-2.72678,1074012928,1074012928,1074012928,1079250948,1079250948,1087635456,1087635456,1086586884,1086586884,262400,262400,1087635972,1087635972,271104
0,0,0,0.2,0,0,37000,10,132.498,132.498,132.516,132.516,-5.86331,-5.86317,-5.86317,7.41921,7.41921,7.0496,7.05002,7.05012,7.04939,7.04981,7.04939,7.04981,-1.8,-1.8,-1.8,-1.8,-1.8,-1.8,-1.8,-1.8,-1.8,-1.8,-1.8,-1.8,-1.8,-1.8,1.29E-14,6.58E-15,5.00E-15,1.16E-14,5.92E-15,4.50E-15,4.76E-16,2.42E-16,136.681,136.5,136.462,50,50,50,11.0022,3700,3700,3700,0.1,0.1,0.1,159.881,150.29,154.563,8.17502,4.32E-15,3.28E-15,-2.98E-08,100,100,0,1087644164,-2.98E-08,100,100,0,1087644164,-2.98E-08,100,100,0,1087644164,-2.98E-08,55.29,55.29,0,1087644164,-2.98E-08,55.3,55.3,0,1087644164,-2.98E-08,57.87,57.87,0,1087644164,189.731,187.938,0.815925,0,100,132.577,1,1,1,1,50,11000,3.97E-05,3.90E-05,0,0,1,0,6600.51,6590.99,6598.4,6610.89,0,0,1,0,0,1,0,0,16.8865,0,1.25313,2.5,0,0,2.5,262912,100,100,-2132537340,100,100,-2132537340,100,100,-2132537340,100,100,-2132537340,100,100,-2132537340,100,100,-2132537340,0.0157511,7.75029,7.75029,7.75029,0,0,0,0,0,0,0,0,0,0,0,0,0,0,0,0,0,0,0,0,0,0,0,0,0,0,0,0,0,0,0,0,0,0,0,0,0,0,0,100,0,100,290.941,290.169,293.193,293.182,7.4184,7.4184,-5.86317,30,30,30,-2.74506,-2.73407,1074012928,1074012928,1074012928,1079250948,1079250948,1087635456,1087635456,1086586884,1086586884,262400,262400,1087635972,1087635972,271104
0,0,0,0.2,0,0,37000,10,132.805,132.805,132.822,132.822,-5.86162,-5.86144,-5.86144,7.41083,7.41083,7.04525,7.04574,7.04585,7.04502,7.04552,7.04502,7.04552,-1.8,-1.8,-1.8,-1.8,-1.8,-1.8,-1.8,-1.8,-1.8,-1.8,-1.8,-1.8,-1.8,-1.8,1.57E-15,8.00E-16,6.08E-16,1.41E-15,7.20E-16,5.48E-16,5.79E-17,2.95E-17,138.825,138.599,138.557,50,50,50,11.0022,3700,3700,3700,0.1,0.1,0.1,159.843,151.894,156.09,6.70108,5.25E-16,3.99E-16,-2.98E-08,100,100,0,1087644164,-2.98E-08,100,100,0,1087644164,-2.98E-08,100,100,0,1087644164,-2.98E-08,55.29,55.29,0,1087644164,-2.98E-08,55.3,55.3,0,1087644164,-2.98E-08,57.87,57.87,0,1087644164,189.731,188.044,0.815937,0,100,132.884,1,1,1,1,50,11000,3.89E-05,3.82E-05,0,0,1,0,6590.94,6598.3,6586.47,6588.16,0,0,1,0,0,1,0,0,16.8865,0,1.25313,2.5,0,0,2.5,262912,100,100,-2132537340,100,100,-2132537340,100,100,-2132537340,100,100,-2132537340,100,100,-2132537340,100,100,-2132537340,0.0157497,7.75029,7.75029,7.75029,0,0,0,0,0,0,0,0,0,0,0,0,0,0,0,0,0,0,0,0,0,0,0,0,0,0,0,0,0,0,0,0,0,0,0,0,0,0,0,100,0,100,290.867,290.144,293.138,293.127,7.40999,7.40999,-5.86144,30,30,30,-2.7674,-2.7565,1074012928,1074012928,1074012928,1079250948,1079250948,1087635456,1087635456,1086586884,1086586884,262400,262400,1087635972,1087635972,271104
0,0,0,0.2,0,0,37000,10,133.11,133.11,133.128,133.128,-5.85997,-5.85982,-5.85982,7.4023,7.4023,7.04056,7.04114,7.04125,7.04032,7.0409,7.04032,7.0409,-1.8,-1.8,-1.79685,-1.8,-1.8,-1.8,-1.8,-1.8,-1.8,-1.8,-1.79685,-1.79685,-1.79685,-1.79685,1.91E-16,9.72E-17,7.40E-17,1.72E-16,8.75E-17,6.66E-17,7.04E-18,3.58E-18,140.636,140.367,140.322,50,50,50,11.0022,3700,3700,3700,0.1,0.1,0.1,159.71,153.255,157.386,5.49289,6.38E-17,4.85E-17,-2.98E-08,100,100,0,1087644164,-2.98E-08,100,100,0,1087644164,-2.98E-08,100,100,0,1087644164,-2.98E-08,55.29,55.29,0,1087644164,-2.98E-08,55.3,55.3,0,1087644164,-2.98E-08,57.87,57.87,0,1087644164,189.731,188.054,0.81595,0,100,133.188,1,1,1,1,50,11000,3.81E-05,3.74E-05,0,0,1,0,6611.92,6598.19,6602.81,6597.21,0,0,1,0,0,1,0,0,16.8865,0,1.25313,2.5,0,0,2.5,262912,100,100,-2132537340,100,100,-2132537340,100,100,-2132537340,100,100,-2132537340,100,100,-2132537340,100,100,-2132537340,0.0157526,7.75029,7.75029,7.75029,0,0,0,0,0,0,0,0,0,0,0,0,0,0,0,0,0,0,0,0,0,0,0,0,0,0,0,0,0,0,0,0,0,0,0,0,0,0,0,100,0,100,290.793,290.122,293.094,293.083,7.40145,7.40145,-5.85982,30,30,30,-2.80151,-2.79068,1074012928,1074012928,1074012928,1079250948,1079250948,1087635456,1087635456,1086586884,1086586884,262400,262400,1087635972,1087635972,271104
0,0,0,0.2,0,0,37000,10,133.413,133.413,133.431,133.431,-5.85859,-5.85846,-5.85846,7.39385,7.39385,7.03559,7.03625,7.03636,7.03534,7.03599,7.03534,7.03599,-1.8,-1.79923,-1.79278,-1.8,-1.8,-1.8,-1.79923,-1.79923,-1.79923,-1.79923,-1.79278,-1.79278,-1.79278,-1.79278,2.32E-17,1.18E-17,8.99E-18,2.09E-17,1.06E-17,8.09E-18,8.55E-19,4.36E-19,142.171,141.861,141.815,50,50,50,11.0022,3700,3700,3700,0.1,0.1,0.1,159.384,154.324,158.404,4.50254,7.76E-18,5.90E-18,-2.98E-08,100,100,0,1087644164,-2.98E-08,100,100,0,1087644164,-2.98E-08,100,100,0,1087644164,-2.98E-08,55.29,55.29,0,1087644164,-2.98E-08,55.3,55.3,0,1087644164,-2.98E-08,57.87,57.87,0,1087644164,189.731,187.976,0.815962,0,100,133.491,1,1,1,1,50,11000,3.74E-05,3.66E-05,0,0,1,0,6604,6612.62,6605.8,6599.01,0,0,1,0,0,1,0,0,16.8865,0,1.25313,2.5,0,0,2.5,262912,100,100,-2132537340,100,100,-2132537340,100,100,-2132537340,100,100,-2132537340,100,100,-2132537340,100,100,-2132537340,0.015755,7.75029,7.75029,7.75029,0,0,0,0,0,0,0,0,0,0,0,0,0,0,0,0,0,0,0,0,0,0,0,0,0,0,0,0,0,0,0,0,0,0,0,0,0,0,0,100,0,100,290.72,290.1,293.059,293.048,7.39301,7.39301,-5.85846,30,30,30,-2.84344,-2.8327,1074012928,1074012928,1074012928,1079250948,1079250948,1087635456,1087635456,1086586884,1086586884,262400,262400,1087635972,1087635972,271104
0,0,0,0.2,0,0,37000,10,133.715,133.715,133.732,133.732,-5.85741,-5.8573,-5.8573,7.38558,7.38558,7.03039,7.03112,7.03123,7.03013,7.03086,7.03013,7.03086,-1.8,-1.79532,-1.78899,-1.8,-1.8,-1.8,-1.79532,-1.79532,-1.79532,-1.79532,-1.78899,-1.78899,-1.78899,-1.78899,2.82E-18,1.44E-18,1.09E-18,2.54E-18,1.29E-18,9.84E-19,1.04E-19,5.30E-20,143.473,143.126,143.081,50,50,50,11.0022,3700,3700,3700,0.1,0.1,0.1,158.865,155.106,159.105,3.69074,9.43E-19,7.17E-19,-2.98E-08,100,100,0,1087644164,-2.98E-08,100,100,0,1087644164,-2.98E-08,100,100,0,1087644164,-2.98E-08,55.29,55.29,0,1087644164,-2.98E-08,55.3,55.3,0,1087644164,-2.98E-08,57.87,57.87,0,1087644164,189.731,187.821,0.815974,0,100,133.792,1,1,1,1,50,11000,3.66E-05,3.59E-05,0,0,1,0,6597.92,6610.62,6600.16,6612.08,0,0,1,0,0,1,0,0,16.8865,0,1.25313,2.5,0,0,2.5,262912,100,100,-2132537340,100,100,-2132537340,100,100,-2132537340,100,100,-2132537340,100,100,-2132537340,100,100,-2132537340,0.0157539,7.75029,7.75029,7.75029,0,0,0,0,0,0,0,0,0,0,0,0,0,0,0,0,0,0,0,0,0,0,0,0,0,0,0,0,0,0,0,0,0,0,0,0,0,0,0,100,0,100,290.649,290.076,293.029,293.018,7.38477,7.38477,-5.8573,30,30,30,-2.88879,-2.87811,1074012928,1074012928,1074012928,1079250948,1079250948,1087635456,1087635456,1086586884,1086586884,262400,262400,1087635972,1087635972,271104
0,0,0,0.2,0,0,37000,10,134.014,134.014,134.032,134.032,-5.85637,-5.85627,-5.85627,7.37758,7.37758,7.02501,7.02579,7.02591,7.02473,7.02552,7.02473,7.02552,-1.8,-1.79177,-1.78559,-1.8,-1.8,-1.8,-1.79177,-1.79177,-1.79177,-1.79177,-1.78559,-1.78559,-1.78559,-1.78559,3.43E-19,1.75E-19,1.33E-19,3.09E-19,1.57E-19,1.20E-19,1.26E-20,6.44E-21,144.58,144.199,144.154,50,50,50,11.0022,3700,3700,3700,0.1,0.1,0.1,158.09,155.569,159.555,3.02531,1.15E-19,8.72E-20,-2.98E-08,100,100,0,1087644164,-2.98E-08,100,100,0,1087644164,-2.98E-08,100,100,0,1087644164,-2.98E-08,55.29,55.29,0,1087644164,-2.98E-08,55.3,55.3,0,1087644164,-2.98E-08,57.87,57.87,0,1087644164,189.731,187.658,0.815986,0,100,134.092,1,1,1,1,50,11000,3.59E-05,3.52E-05,0,0,1,0,6596.47,6608.03,6609.31,6596.1,0,0,1,0,0,1,0,0,16.8865,0,1.25313,2.5,0,0,2.5,262912,100,100,-2132537340,100,100,-2132537340,100,100,-2132537340,100,100,-2132537340,100,100,-2132537340,100,100,-2132537340,0.0157508,7.75029,7.75029,7.75029,0,0,0,0,0,0,0,0,0,0,0,0,0,0,0,0,0,0,0,0,0,0,0,0,0,0,0,0,0,0,0,0,0,0,0,0,0,0,0,100,0,100,290.581,290.048,293.001,292.99,7.3768,7.3768,-5.85627,30,30,30,-2.93326,-2.92264,1074012928,1074012928,1074012928,1079250948,1079250948,1087635456,1087635456,1086586884,1086586884,262400,262400,1087635972,1087635972,271104
0,0,0,0.2,0,0,37000,10,134.312,134.312,134.33,134.33,-5.85541,-5.85531,-5.85531,7.36985,7.36985,7.01945,7.02029,7.0204,7.01916,7.02001,7.01916,7.02001,-1.8,-1.78873,-1.78271,-1.8,-1.8,-1.8,-1.78873,-1.78873,-1.78873,-1.78873,-1.78271,-1.78271,-1.78271,-1.78271,4.17E-20,2.12E-20,1.62E-20,3.75E-20,1.91E-20,1.45E-20,1.54E-21,7.83E-22,145.522,145.111,145.067,50,50,50,11.0022,3700,3700,3700,0.1,0.1,0.1,157.19,155.824,159.798,2.47985,1.39E-20,1.06E-20,-2.98E-08,100,100,0,1087644164,-2.98E-08,100,100,0,1087644164,-2.98E-08,100,100,0,1087644164,-2.98E-08,55.29,55.29,0,1087644164,-2.98E-08,55.3,55.3,0,1087644164,-2.98E-08,57.87,57.87,0,1087644164,189.731,187.603,0.815999,0,100,134.374,1,1,1,1,50,11000,3.52E-05,3.45E-05,0,0,1,0,6606.93,6605.46,6593.88,6586.58,0,0,1,0,0,1,0,0,16.8865,0,1.25313,2.5,0,0,2.5,262912,100,100,-2132537340,100,100,-2132537340,100,100,-2132537340,100,100,-2132537340,100,100,-2132537340,100,100,-2132537340,0.015751,7.75029,7.75029,7.75029,0,0,0,0,0,0,0,0,0,0,0,0,0,0,0,0,0,0,0,0,0,0,0,0,0,0,0,0,0,0,0,0,0,0,0,0,0,0,0,100,0,100,290.515,290.018,292.971,292.961,7.3691,7.3691,-5.85531,30,30,30,-2.97385,-2.96329,1074012928,1074012928,1074012928,1079250948,1079250948,1087635456,1087635456,1086586884,1086586884,262400,262400,1087635972,1087635972,271104
0,0,0,0.2,0,0,37000,10,134.608,134.608,134.626,134.626,-5.85449,-5.85441,-5.85441,7.36235,7.36235,7.01378,7.01468,7.01478,7.0135,7.0144,7.0135,7.0144,-1.8,-1.78628,-1.78043,-1.8,-1.8,-1.8,-1.78628,-1.78628,-1.78628,-1.78628,-1.78043,-1.78043,-1.78043,-1.78043,5.07E-21,2.58E-21,1.96E-21,4.56E-21,2.32E-21,1.77E-21,1.87E-22,9.52E-23,146.324,145.888,145.845,50,50,50,11.0022,3700,3700,3700,0.1,0.1,0.1,156.08,155.85,159.697,2.03274,1.69E-21,1.29E-21,-2.98E-08,100,100,0,1087644164,-2.98E-08,100,100,0,1087644164,-2.98E-08,100,100,0,1087644164,-2.98E-08,55.29,55.29,0,1087644164,-2.98E-08,55.3,55.3,0,1087644164,-2.98E-08,57.87,57.87,0,1087644164,189.731,187.585,0.816011,0,100,134.685,1,1,1,1,50,11000,3.46E-05,3.39E-05,0,0,1,0,6600.79,6603.16,6605.93,6606.34,0,0,1,0,0,1,0,0,16.8865,0,1.25313,2.5,0,0,2.5,262912,100,100,-2132537340,100,100,-2132537340,100,100,-2132537340,100,100,-2132537340,100,100,-2132537340,100,100,-2132537340,0.0157543,7.75029,7.75029,7.75029,0,0,0,0,0,0,0,0,0,0,0,0,0,0,0,0,0,0,0,0,0,0,0,0,0,0,0,0,0,0,0,0,0,0,0,0,0,0,0,100,0,100,290.45,289.988,292.938,292.928,7.36162,7.36162,-5.85441,30,30,30,-3.00925,-2.99878,1074012928,1074012928,1074012928,1079250948,1079250948,1087635456,1087635456,1086586884,1086586884,262400,262400,1087635972,1087635972,271104
0,0,0,0.2,0,0,37000,10,134.903,134.903,134.921,134.921,-5.85389,-5.85386,-5.85386,7.355,7.355,7.00815,7.00909,7.0092,7.00787,7.0088,7.00787,7.0088,-1.8,-1.78439,-1.77932,-1.8,-1.8,-1.8,-1.78439,-1.78439,-1.78439,-1.78439,-1.77932,-1.77932,-1.77932,-1.77932,6.17E-22,3.14E-22,2.39E-22,5.55E-22,2.83E-22,2.15E-22,2.27E-23,1.16E-23,147.009,146.552,146.512,50,50,50,11.0022,3700,3700,3700,0.1,0.1,0.1,154.428,155.356,159.226,1.66624,2.06E-22,1.57E-22,-2.98E-08,100,100,0,1087644164,-2.98E-08,100,100,0,1087644164,-2.98E-08,100,100,0,1087644164,-2.98E-08,55.29,55.29,0,1087644164,-2.98E-08,55.3,55.3,0,1087644164,-2.98E-08,57.87,57.87,0,1087644164,189.731,187.578,0.816023,0,100,134.979,1,1,1,1,50,11000,3.39E-05,3.33E-05,0,0,1,0,6598.69,6603.45,6595.62,6593.64,0,0,1,0,0,1,0,0,16.8865,0,1.25313,2.5,0,0,2.5,262912,100,100,-2132537340,100,100,-2132537340,100,100,-2132537340,100,100,-2132537340,100,100,-2132537340,100,100,-2132537340,0.0157557,7.75029,7.75029,7.75029,0,0,0,0,0,0,0,0,0,0,0,0,0,0,0,0,0,0,0,0,0,0,0,0,0,0,0,0,0,0,0,0,0,0,0,0,0,0,0,100,0,100,290.386,289.959,292.902,292.892,7.35426,7.35426,-5.85386,30,30,30,-3.04056,-3.03015,1074012928,1074012928,1074012928,1079250948,1079250948,1087635456,1087635456,1086586884,1086586884,262400,262400,1087635972,1087635972,271104
0,0,0,0.2,0,0,37000,10,135.196,135.196,135.213,135.213,-5.8548,-5.85508,-5.85508,7.34771,7.34771,7.00252,7.00349,7.0036,7.00224,7.00321,7.00224,7.00321,-1.8,-1.78422,-1.77925,-1.8,-1.8,-1.8,-1.78422,-1.78422,-1.78422,-1.78422,-1.77925,-1.77925,-1.77925,-1.77925,7.50E-23,3.82E-23,2.90E-23,6.75E-23,3.44E-23,2.61E-23,2.76E-24,1.41E-24,147.596,147.122,147.084,50,50,50,11.0022,3700,3700,3700,0.1,0.1,0.1,152.56,154.601,158.489,1.36582,2.50E-23,1.91E-23,-2.98E-08,100,100,0,1087644164,-2.98E-08,100,100,0,1087644164,-2.98E-08,100,100,0,1087644164,-2.98E-08,55.29,55.29,0,1087644164,-2.98E-08,55.3,55.3,0,1087644164,-2.98E-08,57.87,57.87,0,1087644164,189.731,187.573,0.816036,0,100,135.272,1,1,1,1,50,11000,3.33E-05,3.27E-05,0,0,1,0,6601.7,6596.12,6600.23,6610.34,0,0,1,0,0,1,0,0,16.8865,0,1.25313,2.5,0,0,2.5,262912,100,100,-2132537340,100,100,-2132537340,100,100,-2132537340,100,100,-2132537340,100,100,-2132537340,100,100,-2132537340,0.0157534,7.75029,7.75029,7.75029,0,0,0,0,0,0,0,0,0,0,0,0,0,0,0,0,0,0,0,0,0,0,0,0,0,0,0,0,0,0,0,0,0,0,0,0,0,0,0,100,0,100,290.323,289.933,292.863,292.853,7.34699,7.34699,-5.85508,30,30,30,-3.06863,-3.05826,1074012928,1074012928,1074012928,1079250948,1079250948,1087635456,1087635456,1086586884,1086586884,262400,262400,1087635972,1087635972,271104
0,0,0,0.2,0,0,37000,10,135.487,135.487,135.505,135.505,-5.85701,-5.85708,-5.85708,7.34056,7.34056,6.99698,6.99798,6.99809,6.99671,6.99771,6.99671,6.99771,-1.8,-1.7844,-1.77908,-1.8,-1.8,-1.8,-1.7844,-1.7844,-1.7844,-1.7844,-1.77908,-1.77908,-1.77908,-1.77908,9.11E-24,4.64E-24,3.53E-24,8.20E-24,4.18E-24,3.18E-24,3.36E-25,1.71E-25,148.1,147.613,147.577,50,50,50,11.0022,3700,3700,3700,0.1,0.1,0.1,150.268,153.507,157.287,1.11957,3.04E-24,2.32E-24,-2.98E-08,100,100,0,1087644164,-2.98E-08,100,100,0,1087644164,-2.98E-08,100,100,0,1087644164,-2.98E-08,55.29,55.29,0,1087644164,-2.98E-08,55.3,55.3,0,1087644164,-2.98E-08,57.87,57.87,0,1087644164,189.731,187.569,0.816048,0,100,135.563,1,1,1,1,50,11000,3.27E-05,3.21E-05,0,0,1,0,6602.51,6592.56,6603.17,6599.25,0,0,1,0,0,1,0,0,16.8865,0,1.25313,2.5,0,0,2.5,262912,100,100,-2132537340,100,100,-2132537340,100,100,-2132537340,100,100,-2132537340,100,100,-2132537340,100,100,-2132537340,0.0157509,7.75029,7.75029,7.75029,0,0,0,0,0,0,0,0,0,0,0,0,0,0,0,0,0,0,0,0,0,0,0,0,0,0,0,0,0,0,0,0,0,0,0,0,0,0,0,100,0,100,290.26,289.91,292.823,292.813,7.33987,7.33987,-5.85708,30,30,30,-3.09363,-3.08328,1074012928,1074012928,1074012928,1079250948,1079250948,1087635456,1087635456,1086586884,1086586884,262400,262400,1087635972,1087635972,271104
0,0,0,0.2,0,0,37000,10,135.805,135.805,135.823,135.823,-5.85681,-5.85675,-5.85675,7.3327,7.3327,6.991,6.99203,6.99213,6.99074,6.99177,6.99074,6.99177,-1.8,-1.7849,-1.77963,-1.8,-1.8,-1.8,-1.7849,-1.7849,-1.7849,-1.7849,-1.77963,-1.77963,-1.77963,-1.77963,8.97E-25,4.57E-25,3.48E-25,8.08E-25,4.11E-25,3.13E-25,3.31E-26,1.68E-26,148.574,148.076,148.042,50,50,50,11.0022,3700,3700,3700,0.1,0.1,0.1,147.245,151.784,155.432,0.899646,3.00E-25,2.28E-25,-2.98E-08,100,100,0,1087644164,-2.98E-08,100,100,0,1087644164,-2.98E-08,100,100,0,1087644164,-2.98E-08,55.29,55.29,0,1087644164,-2.98E-08,55.3,55.3,0,1087644164,-2.98E-08,57.87,57.87,0,1087644164,189.731,187.569,0.816061,0,100,135.881,1,1,1,1,50,11000,3.21E-05,3.14E-05,0,0,1,0,6588.08,6588.99,6608.14,6609.68,0,0,1,0,0,1,0,0,16.8865,0,1.25313,2.5,0,0,2.5,262912,100,100,-2132537340,100,100,-2132537340,100,100,-2132537340,100,100,-2132537340,100,100,-2132537340,100,100,-2132537340,0.015753,7.75029,7.75029,7.75029,0,0,0,0,0,0,0,0,0,0,0,0,0,0,0,0,0,0,0,0,0,0,0,0,0,0,0,0,0,0,0,0,0,0,0,0,0,0,0,100,0,100,290.196,289.89,292.782,292.771,7.3327,7.3327,-5.85681,30,30,30,-3.11832,-3.10803,1074012928,1074012928,1074012928,1079250948,1079250948,1087635456,1087635456,1086586884,1086586884,262400,262400,1087635972,1087635972,271104
