,frame_idx,初始化state,选择action,与环境交互,记录数据,td3网络更新
0,0,0,0,0.013515949,0,0.220262051
1,0,0,0,0.013515949,0,0.220262051
2,0,0,0,0.013515949,0,0.220262051
3,0,0,0,0.013515949,0,0.220262051
4,0,0,0,0.013515949,0,0.220262051
5,0,0,0,0.013515949,0,0.220262051
6,0,0,0,0.013515949,0,0.220262051
7,0,0,0,0.013515949,0,0.220262051
8,0,0,0,0.013515949,0,0.220262051
9,0,0,0,0.013515949,0,0.220262051
10,0,0,0,0.013515949,0,0.220262051
11,0,0,0,0.013515949,0,0.220262051
12,0,0,0,0.013515949,0,0.220262051
13,0,0,0,0.013515949,0,0.220262051
14,0,0,0,0.013515949,0,0.220262051
15,0,0,0,0.013515949,0,0.220262051
16,0,0,0,0.013515949,0,0.220262051
17,0,0,0,0.013515949,0,0.220262051
18,0,0,0,0.013515949,0,0.220262051
19,0,0,0,0.013515949,0,0.220262051
20,0,0,0,0.013515949,0,0.220262051
21,0,0,0,0.013515949,0,0.220262051
22,0,0,0,0.013515949,0,0.220262051
23,0,0,0,0.013515949,0,0.220262051
24,0,0,0,0.013515949,0,0.220262051
25,0,0,0,0.013515949,0,0.220262051
26,0,0,0,0.013515949,0,0.220262051
27,0,0,0,0.013515949,0,0.220262051
28,0,0,0,0.013515949,0,0.220262051
29,0,0,0,0.013515949,0,0.220262051
30,0,0,0,0.013515949,0,0.220262051
31,0,0,0,0.013515949,0,0.220262051
32,0,0,0,0.013515949,0,0.220262051
33,0,0,0,0.013515949,0,0.220262051
34,0,0,0,0.013515949,0,0.220262051
35,0,0,0,0.013515949,0,0.220262051
36,0,0,0,0.013515949,0,0.220262051
37,0,0,0,0.013515949,0,0.220262051
38,0,0,0,0.013515949,0,0.220262051
39,0,0,0,0.013515949,0,0.220262051
40,0,0,0,0.013515949,0,0.220262051
41,0,0,0,0.013515949,0,0.220262051
42,0,0,0,0.013515949,0,0.220262051
43,0,0,0,0.013515949,0,0.220262051
44,0,0,0,0.013515949,0,0.220262051
45,0,0,0,0.013515949,0,0.220262051
46,0,0,0,0.013515949,0,0.220262051
47,0,0,0,0.013515949,0,0.220262051
48,0,0,0,0.013515949,0,0.220262051
49,0,0,0,0.013515949,0,0.220262051
50,0,0,0,0.013515949,0,0.220262051
51,0,0,0,0.013515949,0,0.220262051
52,0,0,0,0.013515949,0,0.220262051
53,0,0,0,0.013515949,0,0.220262051
54,0,0,0,0.013515949,0,0.220262051
55,0,0,0,0.013515949,0,0.220262051
56,0,0,0,0.013515949,0,0.220262051
57,0,0,0,0.013515949,0,0.220262051
58,0,0,0,0.013515949,0,0.220262051
59,0,0,0,0.013515949,0,0.220262051
60,0,0,0,0.013515949,0,0.220262051
61,0,0,0,0.013515949,0,0.220262051
62,0,0,0,0.013515949,0,0.220262051
63,0,0,0,0.013515949,0,0.220262051
64,0,0,0,0.013515949,0,0.220262051
65,0,0,0,0.013515949,0,0.220262051
66,0,0,0,0.013515949,0,0.220262051
67,0,0,0,0.013515949,0,0.220262051
68,0,0,0,0.013515949,0,0.220262051
69,0,0,0,0.013515949,0,0.220262051
70,0,0,0,0.013515949,0,0.220262051
71,0,0,0,0.013515949,0,0.220262051
72,0,0,0,0.013515949,0,0.220262051
73,0,0,0,0.013515949,0,0.220262051
74,0,0,0,0.013515949,0,0.220262051
75,0,0,0,0.013515949,0,0.220262051
76,0,0,0,0.013515949,0,0.220262051
77,0,0,0,0.013515949,0,0.220262051
78,0,0,0,0.013515949,0,0.220262051
79,0,0,0,0.013515949,0,0.220262051
80,0,0,0,0.013515949,0,0.220262051
81,0,0,0,0.013515949,0,0.220262051
82,0,0,0,0.013515949,0,0.220262051
83,0,0,0,0.013515949,0,0.220262051
84,0,0,0,0.013515949,0,0.220262051
85,0,0,0,0.013515949,0,0.220262051
86,0,0,0,0.013515949,0,0.220262051
87,0,0,0,0.013515949,0,0.220262051
88,0,0,0,0.013515949,0,0.220262051
89,0,0,0,0.013515949,0,0.220262051
90,0,0,0,0.013515949,0,0.220262051
91,0,0,0,0.013515949,0,0.220262051
92,0,0,0,0.013515949,0,0.220262051
93,0,0,0,0.013515949,0,0.220262051
94,0,0,0,0.013515949,0,0.220262051
95,0,0,0,0.013515949,0,0.220262051
96,0,0,0,0.013515949,0,0.220262051
97,0,0,0,0.013515949,0,0.220262051
98,0,0,0,0.013515949,0,0.220262051
99,0,0,0,0.013515949,0,0.220262051
100,0,0,0,0.013515949,0,0.220262051
101,0,0,0,0.013515949,0,0.220262051
102,0,0,0,0.013515949,0,0.220262051
103,0,0,0,0.013515949,0,0.220262051
104,0,0,0,0.013515949,0,0.220262051
105,0,0,0,0.013515949,0,0.220262051
106,0,0,0,0.013515949,0,0.220262051
107,0,0,0,0.013515949,0,0.220262051
108,0,0,0,0.013515949,0,0.220262051
109,0,0,0,0.013515949,0,0.220262051
110,0,0,0,0.013515949,0,0.220262051
111,0,0,0,0.013515949,0,0.220262051
112,0,0,0,0.013515949,0,0.220262051
113,0,0,0,0.013515949,0,0.220262051
114,0,0,0,0.013515949,0,0.220262051
115,0,0,0,0.013515949,0,0.220262051
116,0,0,0,0.013515949,0,0.220262051
117,0,0,0,0.013515949,0,0.220262051
118,0,0,0,0.013515949,0,0.220262051
119,0,0,0,0.013515949,0,0.220262051
120,0,0,0,0.013515949,0,0.220262051
121,0,0,0,0.013515949,0,0.220262051
122,0,0,0,0.013515949,0,0.220262051
123,0,0,0,0.013515949,0,0.220262051
124,0,0,0,0.013515949,0,0.220262051
125,0,0,0,0.013515949,0,0.220262051
126,0,0,0,0.013515949,0,0.220262051
127,0,0,0,0.013515949,0,0.220262051
128,0,0,0,0.013515949,0,0.220262051
129,0,0,0,0.013515949,0,0.220262051
130,0,0,0,0.013515949,0,0.220262051
131,0,0,0,0.013515949,0,0.220262051
132,0,0,0,0.013515949,0,0.220262051
133,0,0,0,0.013515949,0,0.220262051
134,0,0,0,0.013515949,0,0.220262051
135,0,0,0,0.013515949,0,0.220262051
136,0,0,0,0.013515949,0,0.220262051
137,0,0,0,0.013515949,0,0.220262051
138,0,0,0,0.013515949,0,0.220262051
139,0,0,0,0.013515949,0,0.220262051
140,0,0,0,0.013515949,0,0.220262051
141,0,0,0,0.013515949,0,0.220262051
142,0,0,0,0.013515949,0,0.220262051
143,0,0,0,0.013515949,0,0.220262051
144,0,0,0,0.013515949,0,0.220262051
145,0,0,0,0.013515949,0,0.220262051
146,0,0,0,0.013515949,0,0.220262051
147,0,0,0,0.013515949,0,0.220262051
148,0,0,0,0.013515949,0,0.220262051
149,0,0,0,0.013515949,0,0.220262051
150,0,0,0,0.013515949,0,0.220262051
151,0,0,0,0.013515949,0,0.220262051
152,0,0,0,0.013515949,0,0.220262051
153,0,0,0,0.013515949,0,0.220262051
154,0,0,0,0.013515949,0,0.220262051
155,0,0,0,0.013515949,0,0.220262051
156,0,0,0,0.013515949,0,0.220262051
157,0,0,0,0.013515949,0,0.220262051
158,0,0,0,0.013515949,0,0.220262051
159,0,0,0,0.013515949,0,0.220262051
160,0,0,0,0.013515949,0,0.220262051
161,0,0,0,0.013515949,0,0.220262051
162,0,0,0,0.013515949,0,0.220262051
163,0,0,0,0.013515949,0,0.220262051
164,0,0,0,0.013515949,0,0.220262051
165,0,0,0,0.013515949,0,0.220262051
166,0,0,0,0.013515949,0,0.220262051
167,0,0,0,0.013515949,0,0.220262051
168,0,0,0,0.013515949,0,0.220262051
169,0,0,0,0.013515949,0,0.220262051
170,0,0,0,0.013515949,0,0.220262051
171,0,0,0,0.013515949,0,0.220262051
172,0,0,0,0.013515949,0,0.220262051
173,0,0,0,0.013515949,0,0.220262051
174,0,0,0,0.013515949,0,0.220262051
175,0,0,0,0.013515949,0,0.220262051
176,0,0,0,0.013515949,0,0.220262051
177,0,0,0,0.013515949,0,0.220262051
178,0,0,0,0.013515949,0,0.220262051
179,0,0,0,0.013515949,0,0.220262051
180,0,0,0,0.013515949,0,0.220262051
181,0,0,0,0.013515949,0,0.220262051
182,0,0,0,0.013515949,0,0.220262051
183,0,0,0,0.013515949,0,0.220262051
184,0,0,0,0.013515949,0,0.220262051
185,0,0,0,0.013515949,0,0.220262051
186,0,0,0,0.013515949,0,0.220262051
187,0,0,0,0.013515949,0,0.220262051
188,0,0,0,0.013515949,0,0.220262051
189,0,0,0,0.013515949,0,0.220262051
190,0,0,0,0.013515949,0,0.220262051
191,0,0,0,0.013515949,0,0.220262051
192,0,0,0,0.013515949,0,0.220262051
193,0,0,0,0.013515949,0,0.220262051
194,0,0,0,0.013515949,0,0.220262051
195,0,0,0,0.013515949,0,0.220262051
196,0,0,0,0.013515949,0,0.220262051
197,0,0,0,0.013515949,0,0.220262051
198,0,0,0,0.013515949,0,0.220262051
199,0,0,0,0.013515949,0,0.220262051
200,0,0,0,0.013515949,0,0.220262051
201,0,0,0,0.013515949,0,0.220262051
202,0,0,0,0.013515949,0,0.220262051
203,0,0,0,0.013515949,0,0.220262051
204,0,0,0,0.013515949,0,0.220262051
205,0,0,0,0.013515949,0,0.220262051
206,0,0,0,0.013515949,0,0.220262051
207,0,0,0,0.013515949,0,0.220262051
208,0,0,0,0.013515949,0,0.220262051
209,0,0,0,0.013515949,0,0.220262051
210,0,0,0,0.013515949,0,0.220262051
211,0,0,0,0.013515949,0,0.220262051
212,0,0,0,0.013515949,0,0.220262051
213,0,0,0,0.013515949,0,0.220262051
214,0,0,0,0.013515949,0,0.220262051
215,0,0,0,0.013515949,0,0.220262051
216,0,0,0,0.013515949,0,0.220262051
217,0,0,0,0.013515949,0,0.220262051
218,0,0,0,0.013515949,0,0.220262051
219,0,0,0,0.013515949,0,0.220262051
220,0,0,0,0.013515949,0,0.220262051
221,0,0,0,0.013515949,0,0.220262051
222,0,0,0,0.013515949,0,0.220262051
223,0,0,0,0.013515949,0,0.220262051
224,0,0,0,0.013515949,0,0.220262051
225,0,0,0,0.013515949,0,0.220262051
226,0,0,0,0.013515949,0,0.220262051
227,0,0,0,0.013515949,0,0.220262051
228,0,0,0,0.013515949,0,0.220262051
229,0,0,0,0.013515949,0,0.220262051
230,0,0,0,0.013515949,0,0.220262051
231,0,0,0,0.013515949,0,0.220262051
232,0,0,0,0.013515949,0,0.220262051
233,0,0,0,0.013515949,0,0.220262051
234,0,0,0,0.013515949,0,0.220262051
235,0,0,0,0.013515949,0,0.220262051
236,0,0,0,0.013515949,0,0.220262051
237,0,0,0,0.013515949,0,0.220262051
238,0,0,0,0.013515949,0,0.220262051
239,0,0,0,0.013515949,0,0.220262051
240,0,0,0,0.013515949,0,0.220262051
241,0,0,0,0.013515949,0,0.220262051
242,0,0,0,0.013515949,0,0.220262051
243,0,0,0,0.013515949,0,0.220262051
244,0,0,0,0.013515949,0,0.220262051
245,0,0,0,0.013515949,0,0.220262051
246,0,0,0,0.013515949,0,0.220262051
247,0,0,0,0.013515949,0,0.220262051
248,0,0,0,0.013515949,0,0.220262051
249,0,0,0,0.013515949,0,0.220262051
250,0,0,0,0.013515949,0,0.220262051
251,0,0,0,0.013515949,0,0.220262051
252,0,0,0,0.013515949,0,0.220262051
253,0,0,0,0.013515949,0,0.220262051
254,0,0,0,0.013515949,0,0.220262051
255,0,0,0,0.013515949,0,0.220262051
256,0,0,0,0.013515949,0,0.220262051
257,0,0,0,0.013515949,0,0.220262051
258,0,0,0,0.013515949,0,0.220262051
259,0,0,0,0.013515949,0,0.220262051
260,0,0,0,0.013515949,0,0.220262051
261,0,0,0,0.013515949,0,0.220262051
262,0,0,0,0.013515949,0,0.220262051
263,0,0,0,0.013515949,0,0.220262051
264,0,0,0,0.013515949,0,0.220262051
265,0,0,0,0.013515949,0,0.220262051
266,0,0,0,0.013515949,0,0.220262051
267,0,0,0,0.013515949,0,0.220262051
268,0,0,0,0.013515949,0,0.220262051
269,0,0,0,0.013515949,0,0.220262051
270,0,0,0,0.013515949,0,0.220262051
271,0,0,0,0.013515949,0,0.220262051
272,0,0,0,0.013515949,0,0.220262051
273,0,0,0,0.013515949,0,0.220262051
274,0,0,0,0.013515949,0,0.220262051
275,0,0,0,0.013515949,0,0.220262051
276,0,0,0,0.013515949,0,0.220262051
277,0,0,0,0.013515949,0,0.220262051
278,0,0,0,0.013515949,0,0.220262051
279,0,0,0,0.013515949,0,0.220262051
280,0,0,0,0.013515949,0,0.220262051
281,0,0,0,0.013515949,0,0.220262051
282,0,0,0,0.013515949,0,0.220262051
283,0,0,0,0.013515949,0,0.220262051
284,0,0,0,0.013515949,0,0.220262051
285,0,0,0,0.013515949,0,0.220262051
286,0,0,0,0.013515949,0,0.220262051
287,0,0,0,0.013515949,0,0.220262051
288,0,0,0,0.013515949,0,0.220262051
289,0,0,0,0.013515949,0,0.220262051
290,0,0,0,0.013515949,0,0.220262051
291,0,0,0,0.013515949,0,0.220262051
292,0,0,0,0.013515949,0,0.220262051
293,0,0,0,0.013515949,0,0.220262051
294,0,0,0,0.013515949,0,0.220262051
295,0,0,0,0.013515949,0,0.220262051
296,0,0,0,0.013515949,0,0.220262051
297,0,0,0,0.013515949,0,0.220262051
298,0,0,0,0.013515949,0,0.220262051
299,0,0,0,0.013515949,0,0.220262051
300,0,0,0,0.013515949,0,0.220262051
301,0,0,0,0.013515949,0,0.220262051
302,0,0,0,0.013515949,0,0.220262051
303,0,0,0,0.013515949,0,0.220262051
304,0,0,0,0.013515949,0,0.220262051
305,0,0,0,0.013515949,0,0.220262051
306,0,0,0,0.013515949,0,0.220262051
307,0,0,0,0.013515949,0,0.220262051
308,0,0,0,0.013515949,0,0.220262051
309,0,0,0,0.013515949,0,0.220262051
310,0,0,0,0.013515949,0,0.220262051
311,0,0,0,0.013515949,0,0.220262051
312,0,0,0,0.013515949,0,0.220262051
313,0,0,0,0.013515949,0,0.220262051
314,0,0,0,0.013515949,0,0.220262051
315,0,0,0,0.013515949,0,0.220262051
316,0,0,0,0.013515949,0,0.220262051
317,0,0,0,0.013515949,0,0.220262051
318,0,0,0,0.013515949,0,0.220262051
319,0,0,0,0.013515949,0,0.220262051
320,0,0,0,0.013515949,0,0.220262051
321,0,0,0,0.013515949,0,0.220262051
322,0,0,0,0.013515949,0,0.220262051
323,0,0,0,0.013515949,0,0.220262051
324,0,0,0,0.013515949,0,0.220262051
325,0,0,0,0.013515949,0,0.220262051
326,0,0,0,0.013515949,0,0.220262051
327,0,0,0,0.013515949,0,0.220262051
328,0,0,0,0.013515949,0,0.220262051
329,0,0,0,0.013515949,0,0.220262051
330,0,0,0,0.013515949,0,0.220262051
331,0,0,0,0.013515949,0,0.220262051
332,0,0,0,0.013515949,0,0.220262051
333,0,0,0,0.013515949,0,0.220262051
334,0,0,0,0.013515949,0,0.220262051
335,0,0,0,0.013515949,0,0.220262051
336,0,0,0,0.013515949,0,0.220262051
337,0,0,0,0.013515949,0,0.220262051
338,0,0,0,0.013515949,0,0.220262051
339,0,0,0,0.013515949,0,0.220262051
340,0,0,0,0.013515949,0,0.220262051
341,0,0,0,0.013515949,0,0.220262051
342,0,0,0,0.013515949,0,0.220262051
343,0,0,0,0.013515949,0,0.220262051
344,0,0,0,0.013515949,0,0.220262051
345,0,0,0,0.013515949,0,0.220262051
346,0,0,0,0.013515949,0,0.220262051
347,0,0,0,0.013515949,0,0.220262051
348,0,0,0,0.013515949,0,0.220262051
349,0,0,0,0.013515949,0,0.220262051
350,0,0,0,0.013515949,0,0.220262051
351,0,0,0,0.013515949,0,0.220262051
352,0,0,0,0.013515949,0,0.220262051
353,0,0,0,0.013515949,0,0.220262051
354,0,0,0,0.013515949,0,0.220262051
355,0,0,0,0.013515949,0,0.220262051
356,0,0,0,0.013515949,0,0.220262051
357,0,0,0,0.013515949,0,0.220262051
358,0,0,0,0.013515949,0,0.220262051
359,0,0,0,0.013515949,0,0.220262051
360,0,0,0,0.013515949,0,0.220262051
361,0,0,0,0.013515949,0,0.220262051
362,0,0,0,0.013515949,0,0.220262051
363,0,0,0,0.013515949,0,0.220262051
364,0,0,0,0.013515949,0,0.220262051
365,0,0,0,0.013515949,0,0.220262051
366,0,0,0,0.013515949,0,0.220262051
367,0,0,0,0.013515949,0,0.220262051
368,0,0,0,0.013515949,0,0.220262051
369,0,0,0,0.013515949,0,0.220262051
370,0,0,0,0.013515949,0,0.220262051
371,0,0,0,0.013515949,0,0.220262051
372,0,0,0,0.013515949,0,0.220262051
373,0,0,0,0.013515949,0,0.220262051
374,0,0,0,0.013515949,0,0.220262051
375,0,0,0,0.013515949,0,0.220262051
376,0,0,0,0.013515949,0,0.220262051
377,0,0,0,0.013515949,0,0.220262051
378,0,0,0,0.013515949,0,0.220262051
379,0,0,0,0.013515949,0,0.220262051
380,0,0,0,0.013515949,0,0.220262051
381,0,0,0,0.013515949,0,0.220262051
382,0,0,0,0.013515949,0,0.220262051
383,0,0,0,0.013515949,0,0.220262051
384,0,0,0,0.013515949,0,0.220262051
385,0,0,0,0.013515949,0,0.220262051
386,0,0,0,0.013515949,0,0.220262051
387,0,0,0,0.013515949,0,0.220262051
388,0,0,0,0.013515949,0,0.220262051
389,0,0,0,0.013515949,0,0.220262051
390,0,0,0,0.013515949,0,0.220262051
391,0,0,0,0.013515949,0,0.220262051
392,0,0,0,0.013515949,0,0.220262051
393,0,0,0,0.013515949,0,0.220262051
394,0,0,0,0.013515949,0,0.220262051
395,0,0,0,0.013515949,0,0.220262051
396,0,0,0,0.013515949,0,0.220262051
397,0,0,0,0.013515949,0,0.220262051
398,0,0,0,0.013515949,0,0.220262051
399,0,0,0,0.013515949,0,0.220262051
400,0,0,0,0.013515949,0,0.220262051
401,0,0,0,0.013515949,0,0.220262051
402,0,0,0,0.013515949,0,0.220262051
403,0,0,0,0.013515949,0,0.220262051
404,0,0,0,0.013515949,0,0.220262051
405,0,0,0,0.013515949,0,0.220262051
406,0,0,0,0.013515949,0,0.220262051
407,0,0,0,0.013515949,0,0.220262051
408,0,0,0,0.013515949,0,0.220262051
409,0,0,0,0.013515949,0,0.220262051
410,0,0,0,0.013515949,0,0.220262051
411,0,0,0,0.013515949,0,0.220262051
412,0,0,0,0.013515949,0,0.220262051
413,0,0,0,0.013515949,0,0.220262051
414,0,0,0,0.013515949,0,0.220262051
415,0,0,0,0.013515949,0,0.220262051
416,0,0,0,0.013515949,0,0.220262051
417,0,0,0,0.013515949,0,0.220262051
418,0,0,0,0.013515949,0,0.220262051
419,0,0,0,0.013515949,0,0.220262051
420,0,0,0,0.013515949,0,0.220262051
421,0,0,0,0.013515949,0,0.220262051
422,0,0,0,0.013515949,0,0.220262051
423,0,0,0,0.013515949,0,0.220262051
424,0,0,0,0.013515949,0,0.220262051
425,0,0,0,0.013515949,0,0.220262051
426,0,0,0,0.013515949,0,0.220262051
427,0,0,0,0.013515949,0,0.220262051
428,0,0,0,0.013515949,0,0.220262051
429,0,0,0,0.013515949,0,0.220262051
430,0,0,0,0.013515949,0,0.220262051
431,0,0,0,0.013515949,0,0.220262051
432,0,0,0,0.013515949,0,0.220262051
433,0,0,0,0.013515949,0,0.220262051
434,0,0,0,0.013515949,0,0.220262051
435,0,0,0,0.013515949,0,0.220262051
436,0,0,0,0.013515949,0,0.220262051
437,0,0,0,0.013515949,0,0.220262051
438,0,0,0,0.013515949,0,0.220262051
439,0,0,0,0.013515949,0,0.220262051
440,0,0,0,0.013515949,0,0.220262051
441,0,0,0,0.013515949,0,0.220262051
442,0,0,0,0.013515949,0,0.220262051
443,0,0,0,0.013515949,0,0.220262051
444,0,0,0,0.013515949,0,0.220262051
445,0,0,0,0.013515949,0,0.220262051
446,0,0,0,0.013515949,0,0.220262051
447,0,0,0,0.013515949,0,0.220262051
448,0,0,0,0.013515949,0,0.220262051
449,0,0,0,0.013515949,0,0.220262051
450,0,0,0,0.013515949,0,0.220262051
451,0,0,0,0.013515949,0,0.220262051
452,0,0,0,0.013515949,0,0.220262051
453,0,0,0,0.013515949,0,0.220262051
454,0,0,0,0.013515949,0,0.220262051
455,0,0,0,0.013515949,0,0.220262051
456,0,0,0,0.013515949,0,0.220262051
457,0,0,0,0.013515949,0,0.220262051
458,0,0,0,0.013515949,0,0.220262051
459,0,0,0,0.013515949,0,0.220262051
460,0,0,0,0.013515949,0,0.220262051
461,0,0,0,0.013515949,0,0.220262051
462,0,0,0,0.013515949,0,0.220262051
463,0,0,0,0.013515949,0,0.220262051
464,0,0,0,0.013515949,0,0.220262051
465,0,0,0,0.013515949,0,0.220262051
466,0,0,0,0.013515949,0,0.220262051
467,0,0,0,0.013515949,0,0.220262051
468,0,0,0,0.013515949,0,0.220262051
469,0,0,0,0.013515949,0,0.220262051
470,0,0,0,0.013515949,0,0.220262051
471,0,0,0,0.013515949,0,0.220262051
472,0,0,0,0.013515949,0,0.220262051
473,0,0,0,0.013515949,0,0.220262051
474,0,0,0,0.013515949,0,0.220262051
475,0,0,0,0.013515949,0,0.220262051
476,0,0,0,0.013515949,0,0.220262051
477,0,0,0,0.013515949,0,0.220262051
478,0,0,0,0.013515949,0,0.220262051
479,0,0,0,0.013515949,0,0.220262051
480,0,0,0,0.013515949,0,0.220262051
481,0,0,0,0.013515949,0,0.220262051
482,0,0,0,0.013515949,0,0.220262051
483,0,0,0,0.013515949,0,0.220262051
484,0,0,0,0.013515949,0,0.220262051
485,0,0,0,0.013515949,0,0.220262051
486,0,0,0,0.013515949,0,0.220262051
487,0,0,0,0.013515949,0,0.220262051
488,0,0,0,0.013515949,0,0.220262051
489,0,0,0,0.013515949,0,0.220262051
490,0,0,0,0.013515949,0,0.220262051
491,0,0,0,0.013515949,0,0.220262051
492,0,0,0,0.013515949,0,0.220262051
493,0,0,0,0.013515949,0,0.220262051
494,0,0,0,0.013515949,0,0.220262051
495,0,0,0,0.013515949,0,0.220262051
496,0,0,0,0.013515949,0,0.220262051
497,0,0,0,0.013515949,0,0.220262051
498,0,0,0,0.013515949,0,0.220262051
499,0,0,0,0.013515949,0,0.220262051
500,0,0,0,0.013515949,0,0.220262051
501,0,0,0,0.013515949,0,0.220262051
502,0,0,0,0.013515949,0,0.220262051
503,0,0,0,0.013515949,0,0.220262051
504,0,0,0,0.013515949,0,0.220262051
505,0,0,0,0.013515949,0,0.220262051
506,0,0,0,0.013515949,0,0.220262051
507,0,0,0,0.013515949,0,0.220262051
508,0,0,0,0.013515949,0,0.220262051
509,0,0,0,0.013515949,0,0.220262051
510,0,0,0,0.013515949,0,0.220262051
511,0,0,0,0.013515949,0,0.220262051
512,0,0,0,0.013515949,0,0.220262051
513,0,0,0,0.013515949,0,0.220262051
514,0,0,0,0.013515949,0,0.220262051
515,0,0,0,0.013515949,0,0.220262051
516,0,0,0,0.013515949,0,0.220262051
517,0,0,0,0.013515949,0,0.220262051
518,0,0,0,0.013515949,0,0.220262051
519,0,0,0,0.013515949,0,0.220262051
520,0,0,0,0.013515949,0,0.220262051
521,0,0,0,0.013515949,0,0.220262051
522,0,0,0,0.013515949,0,0.220262051
523,0,0,0,0.013515949,0,0.220262051
524,0,0,0,0.013515949,0,0.220262051
525,0,0,0,0.013515949,0,0.220262051
526,0,0,0,0.013515949,0,0.220262051
527,0,0,0,0.013515949,0,0.220262051
528,0,0,0,0.013515949,0,0.220262051
529,0,0,0,0.013515949,0,0.220262051
530,0,0,0,0.013515949,0,0.220262051
531,0,0,0,0.013515949,0,0.220262051
532,0,0,0,0.013515949,0,0.220262051
533,0,0,0,0.013515949,0,0.220262051
534,0,0,0,0.013515949,0,0.220262051
535,0,0,0,0.013515949,0,0.220262051
536,0,0,0,0.013515949,0,0.220262051
537,0,0,0,0.013515949,0,0.220262051
538,0,0,0,0.013515949,0,0.220262051
539,0,0,0,0.013515949,0,0.220262051
540,0,0,0,0.013515949,0,0.220262051
541,0,0,0,0.013515949,0,0.220262051
542,0,0,0,0.013515949,0,0.220262051
543,0,0,0,0.013515949,0,0.220262051
544,0,0,0,0.013515949,0,0.220262051
545,0,0,0,0.013515949,0,0.220262051
546,0,0,0,0.013515949,0,0.220262051
547,0,0,0,0.013515949,0,0.220262051
548,0,0,0,0.013515949,0,0.220262051
549,0,0,0,0.013515949,0,0.220262051
550,0,0,0,0.013515949,0,0.220262051
551,0,0,0,0.013515949,0,0.220262051
552,0,0,0,0.013515949,0,0.220262051
553,0,0,0,0.013515949,0,0.220262051
554,0,0,0,0.013515949,0,0.220262051
555,0,0,0,0.013515949,0,0.220262051
556,0,0,0,0.013515949,0,0.220262051
557,0,0,0,0.013515949,0,0.220262051
558,0,0,0,0.013515949,0,0.220262051
559,0,0,0,0.013515949,0,0.220262051
560,0,0,0,0.013515949,0,0.220262051
561,0,0,0,0.013515949,0,0.220262051
562,0,0,0,0.013515949,0,0.220262051
563,0,0,0,0.013515949,0,0.220262051
564,0,0,0,0.013515949,0,0.220262051
565,0,0,0,0.013515949,0,0.220262051
566,0,0,0,0.013515949,0,0.220262051
567,0,0,0,0.013515949,0,0.220262051
568,0,0,0,0.013515949,0,0.220262051
569,0,0,0,0.013515949,0,0.220262051
570,0,0,0,0.013515949,0,0.220262051
571,0,0,0,0.013515949,0,0.220262051
572,0,0,0,0.013515949,0,0.220262051
573,0,0,0,0.013515949,0,0.220262051
574,0,0,0,0.013515949,0,0.220262051
575,0,0,0,0.013515949,0,0.220262051
576,0,0,0,0.013515949,0,0.220262051
577,0,0,0,0.013515949,0,0.220262051
578,0,0,0,0.013515949,0,0.220262051
579,0,0,0,0.013515949,0,0.220262051
580,0,0,0,0.013515949,0,0.220262051
581,0,0,0,0.013515949,0,0.220262051
582,0,0,0,0.013515949,0,0.220262051
583,0,0,0,0.013515949,0,0.220262051
584,0,0,0,0.013515949,0,0.220262051
585,0,0,0,0.013515949,0,0.220262051
586,0,0,0,0.013515949,0,0.220262051
587,0,0,0,0.013515949,0,0.220262051
588,0,0,0,0.013515949,0,0.220262051
589,0,0,0,0.013515949,0,0.220262051
590,0,0,0,0.013515949,0,0.220262051
591,0,0,0,0.013515949,0,0.220262051
592,0,0,0,0.013515949,0,0.220262051
593,0,0,0,0.013515949,0,0.220262051
594,0,0,0,0.013515949,0,0.220262051
595,0,0,0,0.013515949,0,0.220262051
596,0,0,0,0.013515949,0,0.220262051
597,0,0,0,0.013515949,0,0.220262051
598,0,0,0,0.013515949,0,0.220262051
599,0,0,0,0.013515949,0,0.220262051
600,1,0,0.00099659,0.009963512,0,0.191922426
601,1,0,0.00099659,0.009963512,0,0.191922426
602,1,0,0.00099659,0.009963512,0,0.191922426
603,1,0,0.00099659,0.009963512,0,0.191922426
604,1,0,0.00099659,0.009963512,0,0.191922426
605,1,0,0.00099659,0.009963512,0,0.191922426
606,1,0,0.00099659,0.009963512,0,0.191922426
607,1,0,0.00099659,0.009963512,0,0.191922426
608,1,0,0.00099659,0.009963512,0,0.191922426
609,1,0,0.00099659,0.009963512,0,0.191922426
610,1,0,0.00099659,0.009963512,0,0.191922426
611,1,0,0.00099659,0.009963512,0,0.191922426
612,1,0,0.00099659,0.009963512,0,0.191922426
613,1,0,0.00099659,0.009963512,0,0.191922426
614,1,0,0.00099659,0.009963512,0,0.191922426
615,1,0,0.00099659,0.009963512,0,0.191922426
616,1,0,0.00099659,0.009963512,0,0.191922426
617,1,0,0.00099659,0.009963512,0,0.191922426
618,1,0,0.00099659,0.009963512,0,0.191922426
619,1,0,0.00099659,0.009963512,0,0.191922426
620,1,0,0.00099659,0.009963512,0,0.191922426
621,1,0,0.00099659,0.009963512,0,0.191922426
622,1,0,0.00099659,0.009963512,0,0.191922426
623,1,0,0.00099659,0.009963512,0,0.191922426
624,1,0,0.00099659,0.009963512,0,0.191922426
625,1,0,0.00099659,0.009963512,0,0.191922426
626,1,0,0.00099659,0.009963512,0,0.191922426
627,1,0,0.00099659,0.009963512,0,0.191922426
628,1,0,0.00099659,0.009963512,0,0.191922426
629,1,0,0.00099659,0.009963512,0,0.191922426
630,1,0,0.00099659,0.009963512,0,0.191922426
631,1,0,0.00099659,0.009963512,0,0.191922426
632,1,0,0.00099659,0.009963512,0,0.191922426
633,1,0,0.00099659,0.009963512,0,0.191922426
634,1,0,0.00099659,0.009963512,0,0.191922426
635,1,0,0.00099659,0.009963512,0,0.191922426
636,1,0,0.00099659,0.009963512,0,0.191922426
637,1,0,0.00099659,0.009963512,0,0.191922426
638,1,0,0.00099659,0.009963512,0,0.191922426
639,1,0,0.00099659,0.009963512,0,0.191922426
640,1,0,0.00099659,0.009963512,0,0.191922426
641,1,0,0.00099659,0.009963512,0,0.191922426
642,1,0,0.00099659,0.009963512,0,0.191922426
643,1,0,0.00099659,0.009963512,0,0.191922426
644,1,0,0.00099659,0.009963512,0,0.191922426
645,1,0,0.00099659,0.009963512,0,0.191922426
646,1,0,0.00099659,0.009963512,0,0.191922426
647,1,0,0.00099659,0.009963512,0,0.191922426
648,1,0,0.00099659,0.009963512,0,0.191922426
649,1,0,0.00099659,0.009963512,0,0.191922426
650,1,0,0.00099659,0.009963512,0,0.191922426
651,1,0,0.00099659,0.009963512,0,0.191922426
652,1,0,0.00099659,0.009963512,0,0.191922426
653,1,0,0.00099659,0.009963512,0,0.191922426
654,1,0,0.00099659,0.009963512,0,0.191922426
655,1,0,0.00099659,0.009963512,0,0.191922426
656,1,0,0.00099659,0.009963512,0,0.191922426
657,1,0,0.00099659,0.009963512,0,0.191922426
658,1,0,0.00099659,0.009963512,0,0.191922426
659,1,0,0.00099659,0.009963512,0,0.191922426
660,1,0,0.00099659,0.009963512,0,0.191922426
661,1,0,0.00099659,0.009963512,0,0.191922426
662,1,0,0.00099659,0.009963512,0,0.191922426
663,1,0,0.00099659,0.009963512,0,0.191922426
664,1,0,0.00099659,0.009963512,0,0.191922426
665,1,0,0.00099659,0.009963512,0,0.191922426
666,1,0,0.00099659,0.009963512,0,0.191922426
667,1,0,0.00099659,0.009963512,0,0.191922426
668,1,0,0.00099659,0.009963512,0,0.191922426
669,1,0,0.00099659,0.009963512,0,0.191922426
670,1,0,0.00099659,0.009963512,0,0.191922426
671,1,0,0.00099659,0.009963512,0,0.191922426
672,1,0,0.00099659,0.009963512,0,0.191922426
673,1,0,0.00099659,0.009963512,0,0.191922426
674,1,0,0.00099659,0.009963512,0,0.191922426
675,1,0,0.00099659,0.009963512,0,0.191922426
676,1,0,0.00099659,0.009963512,0,0.191922426
677,1,0,0.00099659,0.009963512,0,0.191922426
678,1,0,0.00099659,0.009963512,0,0.191922426
679,1,0,0.00099659,0.009963512,0,0.191922426
680,1,0,0.00099659,0.009963512,0,0.191922426
681,1,0,0.00099659,0.009963512,0,0.191922426
682,1,0,0.00099659,0.009963512,0,0.191922426
683,1,0,0.00099659,0.009963512,0,0.191922426
684,1,0,0.00099659,0.009963512,0,0.191922426
685,1,0,0.00099659,0.009963512,0,0.191922426
686,1,0,0.00099659,0.009963512,0,0.191922426
687,1,0,0.00099659,0.009963512,0,0.191922426
688,1,0,0.00099659,0.009963512,0,0.191922426
689,1,0,0.00099659,0.009963512,0,0.191922426
690,1,0,0.00099659,0.009963512,0,0.191922426
691,1,0,0.00099659,0.009963512,0,0.191922426
692,1,0,0.00099659,0.009963512,0,0.191922426
693,1,0,0.00099659,0.009963512,0,0.191922426
694,1,0,0.00099659,0.009963512,0,0.191922426
695,1,0,0.00099659,0.009963512,0,0.191922426
696,1,0,0.00099659,0.009963512,0,0.191922426
697,1,0,0.00099659,0.009963512,0,0.191922426
698,1,0,0.00099659,0.009963512,0,0.191922426
699,1,0,0.00099659,0.009963512,0,0.191922426
700,1,0,0.00099659,0.009963512,0,0.191922426
701,1,0,0.00099659,0.009963512,0,0.191922426
702,1,0,0.00099659,0.009963512,0,0.191922426
703,1,0,0.00099659,0.009963512,0,0.191922426
704,1,0,0.00099659,0.009963512,0,0.191922426
705,1,0,0.00099659,0.009963512,0,0.191922426
706,1,0,0.00099659,0.009963512,0,0.191922426
707,1,0,0.00099659,0.009963512,0,0.191922426
708,1,0,0.00099659,0.009963512,0,0.191922426
709,1,0,0.00099659,0.009963512,0,0.191922426
710,1,0,0.00099659,0.009963512,0,0.191922426
711,1,0,0.00099659,0.009963512,0,0.191922426
712,1,0,0.00099659,0.009963512,0,0.191922426
713,1,0,0.00099659,0.009963512,0,0.191922426
714,1,0,0.00099659,0.009963512,0,0.191922426
715,1,0,0.00099659,0.009963512,0,0.191922426
716,1,0,0.00099659,0.009963512,0,0.191922426
717,1,0,0.00099659,0.009963512,0,0.191922426
718,1,0,0.00099659,0.009963512,0,0.191922426
719,1,0,0.00099659,0.009963512,0,0.191922426
720,1,0,0.00099659,0.009963512,0,0.191922426
721,1,0,0.00099659,0.009963512,0,0.191922426
722,1,0,0.00099659,0.009963512,0,0.191922426
723,1,0,0.00099659,0.009963512,0,0.191922426
724,1,0,0.00099659,0.009963512,0,0.191922426
725,1,0,0.00099659,0.009963512,0,0.191922426
726,1,0,0.00099659,0.009963512,0,0.191922426
727,1,0,0.00099659,0.009963512,0,0.191922426
728,1,0,0.00099659,0.009963512,0,0.191922426
729,1,0,0.00099659,0.009963512,0,0.191922426
730,1,0,0.00099659,0.009963512,0,0.191922426
731,1,0,0.00099659,0.009963512,0,0.191922426
732,1,0,0.00099659,0.009963512,0,0.191922426
733,1,0,0.00099659,0.009963512,0,0.191922426
734,1,0,0.00099659,0.009963512,0,0.191922426
735,1,0,0.00099659,0.009963512,0,0.191922426
736,1,0,0.00099659,0.009963512,0,0.191922426
737,1,0,0.00099659,0.009963512,0,0.191922426
738,1,0,0.00099659,0.009963512,0,0.191922426
739,1,0,0.00099659,0.009963512,0,0.191922426
740,1,0,0.00099659,0.009963512,0,0.191922426
741,1,0,0.00099659,0.009963512,0,0.191922426
742,1,0,0.00099659,0.009963512,0,0.191922426
743,1,0,0.00099659,0.009963512,0,0.191922426
744,1,0,0.00099659,0.009963512,0,0.191922426
745,1,0,0.00099659,0.009963512,0,0.191922426
746,1,0,0.00099659,0.009963512,0,0.191922426
747,1,0,0.00099659,0.009963512,0,0.191922426
748,1,0,0.00099659,0.009963512,0,0.191922426
749,1,0,0.00099659,0.009963512,0,0.191922426
750,1,0,0.00099659,0.009963512,0,0.191922426
751,1,0,0.00099659,0.009963512,0,0.191922426
752,1,0,0.00099659,0.009963512,0,0.191922426
753,1,0,0.00099659,0.009963512,0,0.191922426
754,1,0,0.00099659,0.009963512,0,0.191922426
755,1,0,0.00099659,0.009963512,0,0.191922426
756,1,0,0.00099659,0.009963512,0,0.191922426
757,1,0,0.00099659,0.009963512,0,0.191922426
758,1,0,0.00099659,0.009963512,0,0.191922426
759,1,0,0.00099659,0.009963512,0,0.191922426
760,1,0,0.00099659,0.009963512,0,0.191922426
761,1,0,0.00099659,0.009963512,0,0.191922426
762,1,0,0.00099659,0.009963512,0,0.191922426
763,1,0,0.00099659,0.009963512,0,0.191922426
764,1,0,0.00099659,0.009963512,0,0.191922426
765,1,0,0.00099659,0.009963512,0,0.191922426
766,1,0,0.00099659,0.009963512,0,0.191922426
767,1,0,0.00099659,0.009963512,0,0.191922426
768,1,0,0.00099659,0.009963512,0,0.191922426
769,1,0,0.00099659,0.009963512,0,0.191922426
770,1,0,0.00099659,0.009963512,0,0.191922426
771,1,0,0.00099659,0.009963512,0,0.191922426
772,1,0,0.00099659,0.009963512,0,0.191922426
773,1,0,0.00099659,0.009963512,0,0.191922426
774,1,0,0.00099659,0.009963512,0,0.191922426
775,1,0,0.00099659,0.009963512,0,0.191922426
776,1,0,0.00099659,0.009963512,0,0.191922426
777,1,0,0.00099659,0.009963512,0,0.191922426
778,1,0,0.00099659,0.009963512,0,0.191922426
779,1,0,0.00099659,0.009963512,0,0.191922426
780,1,0,0.00099659,0.009963512,0,0.191922426
781,1,0,0.00099659,0.009963512,0,0.191922426
782,1,0,0.00099659,0.009963512,0,0.191922426
783,1,0,0.00099659,0.009963512,0,0.191922426
784,1,0,0.00099659,0.009963512,0,0.191922426
785,1,0,0.00099659,0.009963512,0,0.191922426
786,1,0,0.00099659,0.009963512,0,0.191922426
787,1,0,0.00099659,0.009963512,0,0.191922426
788,1,0,0.00099659,0.009963512,0,0.191922426
789,1,0,0.00099659,0.009963512,0,0.191922426
790,1,0,0.00099659,0.009963512,0,0.191922426
791,1,0,0.00099659,0.009963512,0,0.191922426
792,1,0,0.00099659,0.009963512,0,0.191922426
793,1,0,0.00099659,0.009963512,0,0.191922426
794,1,0,0.00099659,0.009963512,0,0.191922426
795,1,0,0.00099659,0.009963512,0,0.191922426
796,1,0,0.00099659,0.009963512,0,0.191922426
797,1,0,0.00099659,0.009963512,0,0.191922426
798,1,0,0.00099659,0.009963512,0,0.191922426
799,1,0,0.00099659,0.009963512,0,0.191922426
800,1,0,0.00099659,0.009963512,0,0.191922426
801,1,0,0.00099659,0.009963512,0,0.191922426
802,1,0,0.00099659,0.009963512,0,0.191922426
803,1,0,0.00099659,0.009963512,0,0.191922426
804,1,0,0.00099659,0.009963512,0,0.191922426
805,1,0,0.00099659,0.009963512,0,0.191922426
806,1,0,0.00099659,0.009963512,0,0.191922426
807,1,0,0.00099659,0.009963512,0,0.191922426
808,1,0,0.00099659,0.009963512,0,0.191922426
809,1,0,0.00099659,0.009963512,0,0.191922426
810,1,0,0.00099659,0.009963512,0,0.191922426
811,1,0,0.00099659,0.009963512,0,0.191922426
812,1,0,0.00099659,0.009963512,0,0.191922426
813,1,0,0.00099659,0.009963512,0,0.191922426
814,1,0,0.00099659,0.009963512,0,0.191922426
815,1,0,0.00099659,0.009963512,0,0.191922426
816,1,0,0.00099659,0.009963512,0,0.191922426
817,1,0,0.00099659,0.009963512,0,0.191922426
818,1,0,0.00099659,0.009963512,0,0.191922426
819,1,0,0.00099659,0.009963512,0,0.191922426
820,1,0,0.00099659,0.009963512,0,0.191922426
821,1,0,0.00099659,0.009963512,0,0.191922426
822,1,0,0.00099659,0.009963512,0,0.191922426
823,1,0,0.00099659,0.009963512,0,0.191922426
824,1,0,0.00099659,0.009963512,0,0.191922426
825,1,0,0.00099659,0.009963512,0,0.191922426
826,1,0,0.00099659,0.009963512,0,0.191922426
827,1,0,0.00099659,0.009963512,0,0.191922426
828,1,0,0.00099659,0.009963512,0,0.191922426
829,1,0,0.00099659,0.009963512,0,0.191922426
830,1,0,0.00099659,0.009963512,0,0.191922426
831,1,0,0.00099659,0.009963512,0,0.191922426
832,1,0,0.00099659,0.009963512,0,0.191922426
833,1,0,0.00099659,0.009963512,0,0.191922426
834,1,0,0.00099659,0.009963512,0,0.191922426
835,1,0,0.00099659,0.009963512,0,0.191922426
836,1,0,0.00099659,0.009963512,0,0.191922426
837,1,0,0.00099659,0.009963512,0,0.191922426
838,1,0,0.00099659,0.009963512,0,0.191922426
839,1,0,0.00099659,0.009963512,0,0.191922426
840,1,0,0.00099659,0.009963512,0,0.191922426
841,1,0,0.00099659,0.009963512,0,0.191922426
842,1,0,0.00099659,0.009963512,0,0.191922426
843,1,0,0.00099659,0.009963512,0,0.191922426
844,1,0,0.00099659,0.009963512,0,0.191922426
845,1,0,0.00099659,0.009963512,0,0.191922426
846,1,0,0.00099659,0.009963512,0,0.191922426
847,1,0,0.00099659,0.009963512,0,0.191922426
848,1,0,0.00099659,0.009963512,0,0.191922426
849,1,0,0.00099659,0.009963512,0,0.191922426
850,1,0,0.00099659,0.009963512,0,0.191922426
851,1,0,0.00099659,0.009963512,0,0.191922426
852,1,0,0.00099659,0.009963512,0,0.191922426
853,1,0,0.00099659,0.009963512,0,0.191922426
854,1,0,0.00099659,0.009963512,0,0.191922426
855,1,0,0.00099659,0.009963512,0,0.191922426
856,1,0,0.00099659,0.009963512,0,0.191922426
857,1,0,0.00099659,0.009963512,0,0.191922426
858,1,0,0.00099659,0.009963512,0,0.191922426
859,1,0,0.00099659,0.009963512,0,0.191922426
860,1,0,0.00099659,0.009963512,0,0.191922426
861,1,0,0.00099659,0.009963512,0,0.191922426
862,1,0,0.00099659,0.009963512,0,0.191922426
863,1,0,0.00099659,0.009963512,0,0.191922426
864,1,0,0.00099659,0.009963512,0,0.191922426
865,1,0,0.00099659,0.009963512,0,0.191922426
866,1,0,0.00099659,0.009963512,0,0.191922426
867,1,0,0.00099659,0.009963512,0,0.191922426
868,1,0,0.00099659,0.009963512,0,0.191922426
869,1,0,0.00099659,0.009963512,0,0.191922426
870,1,0,0.00099659,0.009963512,0,0.191922426
871,1,0,0.00099659,0.009963512,0,0.191922426
872,1,0,0.00099659,0.009963512,0,0.191922426
873,1,0,0.00099659,0.009963512,0,0.191922426
874,1,0,0.00099659,0.009963512,0,0.191922426
875,1,0,0.00099659,0.009963512,0,0.191922426
876,1,0,0.00099659,0.009963512,0,0.191922426
877,1,0,0.00099659,0.009963512,0,0.191922426
878,1,0,0.00099659,0.009963512,0,0.191922426
879,1,0,0.00099659,0.009963512,0,0.191922426
880,1,0,0.00099659,0.009963512,0,0.191922426
881,1,0,0.00099659,0.009963512,0,0.191922426
882,1,0,0.00099659,0.009963512,0,0.191922426
883,1,0,0.00099659,0.009963512,0,0.191922426
884,1,0,0.00099659,0.009963512,0,0.191922426
885,1,0,0.00099659,0.009963512,0,0.191922426
886,1,0,0.00099659,0.009963512,0,0.191922426
887,1,0,0.00099659,0.009963512,0,0.191922426
888,1,0,0.00099659,0.009963512,0,0.191922426
889,1,0,0.00099659,0.009963512,0,0.191922426
890,1,0,0.00099659,0.009963512,0,0.191922426
891,1,0,0.00099659,0.009963512,0,0.191922426
892,1,0,0.00099659,0.009963512,0,0.191922426
893,1,0,0.00099659,0.009963512,0,0.191922426
894,1,0,0.00099659,0.009963512,0,0.191922426
895,1,0,0.00099659,0.009963512,0,0.191922426
896,1,0,0.00099659,0.009963512,0,0.191922426
897,1,0,0.00099659,0.009963512,0,0.191922426
898,1,0,0.00099659,0.009963512,0,0.191922426
899,1,0,0.00099659,0.009963512,0,0.191922426
900,1,0,0.00099659,0.009963512,0,0.191922426
901,1,0,0.00099659,0.009963512,0,0.191922426
902,1,0,0.00099659,0.009963512,0,0.191922426
903,1,0,0.00099659,0.009963512,0,0.191922426
904,1,0,0.00099659,0.009963512,0,0.191922426
905,1,0,0.00099659,0.009963512,0,0.191922426
906,1,0,0.00099659,0.009963512,0,0.191922426
907,1,0,0.00099659,0.009963512,0,0.191922426
908,1,0,0.00099659,0.009963512,0,0.191922426
909,1,0,0.00099659,0.009963512,0,0.191922426
910,1,0,0.00099659,0.009963512,0,0.191922426
911,1,0,0.00099659,0.009963512,0,0.191922426
912,1,0,0.00099659,0.009963512,0,0.191922426
913,1,0,0.00099659,0.009963512,0,0.191922426
914,1,0,0.00099659,0.009963512,0,0.191922426
915,1,0,0.00099659,0.009963512,0,0.191922426
916,1,0,0.00099659,0.009963512,0,0.191922426
917,1,0,0.00099659,0.009963512,0,0.191922426
918,1,0,0.00099659,0.009963512,0,0.191922426
919,1,0,0.00099659,0.009963512,0,0.191922426
920,1,0,0.00099659,0.009963512,0,0.191922426
921,1,0,0.00099659,0.009963512,0,0.191922426
922,1,0,0.00099659,0.009963512,0,0.191922426
923,1,0,0.00099659,0.009963512,0,0.191922426
924,1,0,0.00099659,0.009963512,0,0.191922426
925,1,0,0.00099659,0.009963512,0,0.191922426
926,1,0,0.00099659,0.009963512,0,0.191922426
927,1,0,0.00099659,0.009963512,0,0.191922426
928,1,0,0.00099659,0.009963512,0,0.191922426
929,1,0,0.00099659,0.009963512,0,0.191922426
930,1,0,0.00099659,0.009963512,0,0.191922426
931,1,0,0.00099659,0.009963512,0,0.191922426
932,1,0,0.00099659,0.009963512,0,0.191922426
933,1,0,0.00099659,0.009963512,0,0.191922426
934,1,0,0.00099659,0.009963512,0,0.191922426
935,1,0,0.00099659,0.009963512,0,0.191922426
936,1,0,0.00099659,0.009963512,0,0.191922426
937,1,0,0.00099659,0.009963512,0,0.191922426
938,1,0,0.00099659,0.009963512,0,0.191922426
939,1,0,0.00099659,0.009963512,0,0.191922426
940,1,0,0.00099659,0.009963512,0,0.191922426
941,1,0,0.00099659,0.009963512,0,0.191922426
942,1,0,0.00099659,0.009963512,0,0.191922426
943,1,0,0.00099659,0.009963512,0,0.191922426
944,1,0,0.00099659,0.009963512,0,0.191922426
945,1,0,0.00099659,0.009963512,0,0.191922426
946,1,0,0.00099659,0.009963512,0,0.191922426
947,1,0,0.00099659,0.009963512,0,0.191922426
948,1,0,0.00099659,0.009963512,0,0.191922426
949,1,0,0.00099659,0.009963512,0,0.191922426
950,1,0,0.00099659,0.009963512,0,0.191922426
951,1,0,0.00099659,0.009963512,0,0.191922426
952,1,0,0.00099659,0.009963512,0,0.191922426
953,1,0,0.00099659,0.009963512,0,0.191922426
954,1,0,0.00099659,0.009963512,0,0.191922426
955,1,0,0.00099659,0.009963512,0,0.191922426
956,1,0,0.00099659,0.009963512,0,0.191922426
957,1,0,0.00099659,0.009963512,0,0.191922426
958,1,0,0.00099659,0.009963512,0,0.191922426
959,1,0,0.00099659,0.009963512,0,0.191922426
960,1,0,0.00099659,0.009963512,0,0.191922426
961,1,0,0.00099659,0.009963512,0,0.191922426
962,1,0,0.00099659,0.009963512,0,0.191922426
963,1,0,0.00099659,0.009963512,0,0.191922426
964,1,0,0.00099659,0.009963512,0,0.191922426
965,1,0,0.00099659,0.009963512,0,0.191922426
966,1,0,0.00099659,0.009963512,0,0.191922426
967,1,0,0.00099659,0.009963512,0,0.191922426
968,1,0,0.00099659,0.009963512,0,0.191922426
969,1,0,0.00099659,0.009963512,0,0.191922426
970,1,0,0.00099659,0.009963512,0,0.191922426
971,1,0,0.00099659,0.009963512,0,0.191922426
972,1,0,0.00099659,0.009963512,0,0.191922426
973,1,0,0.00099659,0.009963512,0,0.191922426
974,1,0,0.00099659,0.009963512,0,0.191922426
975,1,0,0.00099659,0.009963512,0,0.191922426
976,1,0,0.00099659,0.009963512,0,0.191922426
977,1,0,0.00099659,0.009963512,0,0.191922426
978,1,0,0.00099659,0.009963512,0,0.191922426
979,1,0,0.00099659,0.009963512,0,0.191922426
980,1,0,0.00099659,0.009963512,0,0.191922426
981,1,0,0.00099659,0.009963512,0,0.191922426
982,1,0,0.00099659,0.009963512,0,0.191922426
983,1,0,0.00099659,0.009963512,0,0.191922426
984,1,0,0.00099659,0.009963512,0,0.191922426
985,1,0,0.00099659,0.009963512,0,0.191922426
986,1,0,0.00099659,0.009963512,0,0.191922426
987,1,0,0.00099659,0.009963512,0,0.191922426
988,1,0,0.00099659,0.009963512,0,0.191922426
989,1,0,0.00099659,0.009963512,0,0.191922426
990,1,0,0.00099659,0.009963512,0,0.191922426
991,1,0,0.00099659,0.009963512,0,0.191922426
992,1,0,0.00099659,0.009963512,0,0.191922426
993,1,0,0.00099659,0.009963512,0,0.191922426
994,1,0,0.00099659,0.009963512,0,0.191922426
995,1,0,0.00099659,0.009963512,0,0.191922426
996,1,0,0.00099659,0.009963512,0,0.191922426
997,1,0,0.00099659,0.009963512,0,0.191922426
998,1,0,0.00099659,0.009963512,0,0.191922426
999,1,0,0.00099659,0.009963512,0,0.191922426
1000,1,0,0.00099659,0.009963512,0,0.191922426
1001,1,0,0.00099659,0.009963512,0,0.191922426
1002,1,0,0.00099659,0.009963512,0,0.191922426
1003,1,0,0.00099659,0.009963512,0,0.191922426
1004,1,0,0.00099659,0.009963512,0,0.191922426
1005,1,0,0.00099659,0.009963512,0,0.191922426
1006,1,0,0.00099659,0.009963512,0,0.191922426
1007,1,0,0.00099659,0.009963512,0,0.191922426
1008,1,0,0.00099659,0.009963512,0,0.191922426
1009,1,0,0.00099659,0.009963512,0,0.191922426
1010,1,0,0.00099659,0.009963512,0,0.191922426
1011,1,0,0.00099659,0.009963512,0,0.191922426
1012,1,0,0.00099659,0.009963512,0,0.191922426
1013,1,0,0.00099659,0.009963512,0,0.191922426
1014,1,0,0.00099659,0.009963512,0,0.191922426
1015,1,0,0.00099659,0.009963512,0,0.191922426
1016,1,0,0.00099659,0.009963512,0,0.191922426
1017,1,0,0.00099659,0.009963512,0,0.191922426
1018,1,0,0.00099659,0.009963512,0,0.191922426
1019,1,0,0.00099659,0.009963512,0,0.191922426
1020,1,0,0.00099659,0.009963512,0,0.191922426
1021,1,0,0.00099659,0.009963512,0,0.191922426
1022,1,0,0.00099659,0.009963512,0,0.191922426
1023,1,0,0.00099659,0.009963512,0,0.191922426
1024,1,0,0.00099659,0.009963512,0,0.191922426
1025,1,0,0.00099659,0.009963512,0,0.191922426
1026,1,0,0.00099659,0.009963512,0,0.191922426
1027,1,0,0.00099659,0.009963512,0,0.191922426
1028,1,0,0.00099659,0.009963512,0,0.191922426
1029,1,0,0.00099659,0.009963512,0,0.191922426
1030,1,0,0.00099659,0.009963512,0,0.191922426
1031,1,0,0.00099659,0.009963512,0,0.191922426
1032,1,0,0.00099659,0.009963512,0,0.191922426
1033,1,0,0.00099659,0.009963512,0,0.191922426
1034,1,0,0.00099659,0.009963512,0,0.191922426
1035,1,0,0.00099659,0.009963512,0,0.191922426
1036,1,0,0.00099659,0.009963512,0,0.191922426
1037,1,0,0.00099659,0.009963512,0,0.191922426
1038,1,0,0.00099659,0.009963512,0,0.191922426
1039,1,0,0.00099659,0.009963512,0,0.191922426
1040,1,0,0.00099659,0.009963512,0,0.191922426
1041,1,0,0.00099659,0.009963512,0,0.191922426
1042,1,0,0.00099659,0.009963512,0,0.191922426
1043,1,0,0.00099659,0.009963512,0,0.191922426
1044,1,0,0.00099659,0.009963512,0,0.191922426
1045,1,0,0.00099659,0.009963512,0,0.191922426
1046,1,0,0.00099659,0.009963512,0,0.191922426
1047,1,0,0.00099659,0.009963512,0,0.191922426
1048,1,0,0.00099659,0.009963512,0,0.191922426
1049,1,0,0.00099659,0.009963512,0,0.191922426
1050,1,0,0.00099659,0.009963512,0,0.191922426
1051,1,0,0.00099659,0.009963512,0,0.191922426
1052,1,0,0.00099659,0.009963512,0,0.191922426
1053,1,0,0.00099659,0.009963512,0,0.191922426
1054,1,0,0.00099659,0.009963512,0,0.191922426
1055,1,0,0.00099659,0.009963512,0,0.191922426
1056,1,0,0.00099659,0.009963512,0,0.191922426
1057,1,0,0.00099659,0.009963512,0,0.191922426
1058,1,0,0.00099659,0.009963512,0,0.191922426
1059,1,0,0.00099659,0.009963512,0,0.191922426
1060,1,0,0.00099659,0.009963512,0,0.191922426
1061,1,0,0.00099659,0.009963512,0,0.191922426
1062,1,0,0.00099659,0.009963512,0,0.191922426
1063,1,0,0.00099659,0.009963512,0,0.191922426
1064,1,0,0.00099659,0.009963512,0,0.191922426
1065,1,0,0.00099659,0.009963512,0,0.191922426
1066,1,0,0.00099659,0.009963512,0,0.191922426
1067,1,0,0.00099659,0.009963512,0,0.191922426
1068,1,0,0.00099659,0.009963512,0,0.191922426
1069,1,0,0.00099659,0.009963512,0,0.191922426
1070,1,0,0.00099659,0.009963512,0,0.191922426
1071,1,0,0.00099659,0.009963512,0,0.191922426
1072,1,0,0.00099659,0.009963512,0,0.191922426
1073,1,0,0.00099659,0.009963512,0,0.191922426
1074,1,0,0.00099659,0.009963512,0,0.191922426
1075,1,0,0.00099659,0.009963512,0,0.191922426
1076,1,0,0.00099659,0.009963512,0,0.191922426
1077,1,0,0.00099659,0.009963512,0,0.191922426
1078,1,0,0.00099659,0.009963512,0,0.191922426
1079,1,0,0.00099659,0.009963512,0,0.191922426
1080,1,0,0.00099659,0.009963512,0,0.191922426
1081,1,0,0.00099659,0.009963512,0,0.191922426
1082,1,0,0.00099659,0.009963512,0,0.191922426
1083,1,0,0.00099659,0.009963512,0,0.191922426
1084,1,0,0.00099659,0.009963512,0,0.191922426
1085,1,0,0.00099659,0.009963512,0,0.191922426
1086,1,0,0.00099659,0.009963512,0,0.191922426
1087,1,0,0.00099659,0.009963512,0,0.191922426
1088,1,0,0.00099659,0.009963512,0,0.191922426
1089,1,0,0.00099659,0.009963512,0,0.191922426
1090,1,0,0.00099659,0.009963512,0,0.191922426
1091,1,0,0.00099659,0.009963512,0,0.191922426
1092,1,0,0.00099659,0.009963512,0,0.191922426
1093,1,0,0.00099659,0.009963512,0,0.191922426
1094,1,0,0.00099659,0.009963512,0,0.191922426
1095,1,0,0.00099659,0.009963512,0,0.191922426
1096,1,0,0.00099659,0.009963512,0,0.191922426
1097,1,0,0.00099659,0.009963512,0,0.191922426
1098,1,0,0.00099659,0.009963512,0,0.191922426
1099,1,0,0.00099659,0.009963512,0,0.191922426
1100,1,0,0.00099659,0.009963512,0,0.191922426
1101,1,0,0.00099659,0.009963512,0,0.191922426
1102,1,0,0.00099659,0.009963512,0,0.191922426
1103,1,0,0.00099659,0.009963512,0,0.191922426
1104,1,0,0.00099659,0.009963512,0,0.191922426
1105,1,0,0.00099659,0.009963512,0,0.191922426
1106,1,0,0.00099659,0.009963512,0,0.191922426
1107,1,0,0.00099659,0.009963512,0,0.191922426
1108,1,0,0.00099659,0.009963512,0,0.191922426
1109,1,0,0.00099659,0.009963512,0,0.191922426
1110,1,0,0.00099659,0.009963512,0,0.191922426
1111,1,0,0.00099659,0.009963512,0,0.191922426
1112,1,0,0.00099659,0.009963512,0,0.191922426
1113,1,0,0.00099659,0.009963512,0,0.191922426
1114,1,0,0.00099659,0.009963512,0,0.191922426
1115,1,0,0.00099659,0.009963512,0,0.191922426
1116,1,0,0.00099659,0.009963512,0,0.191922426
1117,1,0,0.00099659,0.009963512,0,0.191922426
1118,1,0,0.00099659,0.009963512,0,0.191922426
1119,1,0,0.00099659,0.009963512,0,0.191922426
1120,1,0,0.00099659,0.009963512,0,0.191922426
1121,1,0,0.00099659,0.009963512,0,0.191922426
1122,1,0,0.00099659,0.009963512,0,0.191922426
1123,1,0,0.00099659,0.009963512,0,0.191922426
1124,1,0,0.00099659,0.009963512,0,0.191922426
1125,1,0,0.00099659,0.009963512,0,0.191922426
1126,1,0,0.00099659,0.009963512,0,0.191922426
1127,1,0,0.00099659,0.009963512,0,0.191922426
1128,1,0,0.00099659,0.009963512,0,0.191922426
1129,1,0,0.00099659,0.009963512,0,0.191922426
1130,1,0,0.00099659,0.009963512,0,0.191922426
1131,1,0,0.00099659,0.009963512,0,0.191922426
1132,1,0,0.00099659,0.009963512,0,0.191922426
1133,1,0,0.00099659,0.009963512,0,0.191922426
1134,1,0,0.00099659,0.009963512,0,0.191922426
1135,1,0,0.00099659,0.009963512,0,0.191922426
1136,1,0,0.00099659,0.009963512,0,0.191922426
1137,1,0,0.00099659,0.009963512,0,0.191922426
1138,1,0,0.00099659,0.009963512,0,0.191922426
1139,1,0,0.00099659,0.009963512,0,0.191922426
1140,1,0,0.00099659,0.009963512,0,0.191922426
1141,1,0,0.00099659,0.009963512,0,0.191922426
1142,1,0,0.00099659,0.009963512,0,0.191922426
1143,1,0,0.00099659,0.009963512,0,0.191922426
1144,1,0,0.00099659,0.009963512,0,0.191922426
1145,1,0,0.00099659,0.009963512,0,0.191922426
1146,1,0,0.00099659,0.009963512,0,0.191922426
1147,1,0,0.00099659,0.009963512,0,0.191922426
1148,1,0,0.00099659,0.009963512,0,0.191922426
1149,1,0,0.00099659,0.009963512,0,0.191922426
1150,1,0,0.00099659,0.009963512,0,0.191922426
1151,1,0,0.00099659,0.009963512,0,0.191922426
1152,1,0,0.00099659,0.009963512,0,0.191922426
1153,1,0,0.00099659,0.009963512,0,0.191922426
1154,1,0,0.00099659,0.009963512,0,0.191922426
1155,1,0,0.00099659,0.009963512,0,0.191922426
1156,1,0,0.00099659,0.009963512,0,0.191922426
1157,1,0,0.00099659,0.009963512,0,0.191922426
1158,1,0,0.00099659,0.009963512,0,0.191922426
1159,1,0,0.00099659,0.009963512,0,0.191922426
1160,1,0,0.00099659,0.009963512,0,0.191922426
1161,1,0,0.00099659,0.009963512,0,0.191922426
1162,1,0,0.00099659,0.009963512,0,0.191922426
1163,1,0,0.00099659,0.009963512,0,0.191922426
1164,1,0,0.00099659,0.009963512,0,0.191922426
1165,1,0,0.00099659,0.009963512,0,0.191922426
1166,1,0,0.00099659,0.009963512,0,0.191922426
1167,1,0,0.00099659,0.009963512,0,0.191922426
1168,1,0,0.00099659,0.009963512,0,0.191922426
1169,1,0,0.00099659,0.009963512,0,0.191922426
1170,1,0,0.00099659,0.009963512,0,0.191922426
1171,1,0,0.00099659,0.009963512,0,0.191922426
1172,1,0,0.00099659,0.009963512,0,0.191922426
1173,1,0,0.00099659,0.009963512,0,0.191922426
1174,1,0,0.00099659,0.009963512,0,0.191922426
1175,1,0,0.00099659,0.009963512,0,0.191922426
1176,1,0,0.00099659,0.009963512,0,0.191922426
1177,1,0,0.00099659,0.009963512,0,0.191922426
1178,1,0,0.00099659,0.009963512,0,0.191922426
1179,1,0,0.00099659,0.009963512,0,0.191922426
1180,1,0,0.00099659,0.009963512,0,0.191922426
1181,1,0,0.00099659,0.009963512,0,0.191922426
1182,1,0,0.00099659,0.009963512,0,0.191922426
1183,1,0,0.00099659,0.009963512,0,0.191922426
1184,1,0,0.00099659,0.009963512,0,0.191922426
1185,1,0,0.00099659,0.009963512,0,0.191922426
1186,1,0,0.00099659,0.009963512,0,0.191922426
1187,1,0,0.00099659,0.009963512,0,0.191922426
1188,1,0,0.00099659,0.009963512,0,0.191922426
1189,1,0,0.00099659,0.009963512,0,0.191922426
1190,1,0,0.00099659,0.009963512,0,0.191922426
1191,1,0,0.00099659,0.009963512,0,0.191922426
1192,1,0,0.00099659,0.009963512,0,0.191922426
1193,1,0,0.00099659,0.009963512,0,0.191922426
1194,1,0,0.00099659,0.009963512,0,0.191922426
1195,1,0,0.00099659,0.009963512,0,0.191922426
1196,1,0,0.00099659,0.009963512,0,0.191922426
1197,1,0,0.00099659,0.009963512,0,0.191922426
1198,1,0,0.00099659,0.009963512,0,0.191922426
1199,1,0,0.00099659,0.009963512,0,0.191922426
1200,2,0,0,0.007969618,0,0.237209558
1201,2,0,0,0.007969618,0,0.237209558
1202,2,0,0,0.007969618,0,0.237209558
1203,2,0,0,0.007969618,0,0.237209558
1204,2,0,0,0.007969618,0,0.237209558
1205,2,0,0,0.007969618,0,0.237209558
1206,2,0,0,0.007969618,0,0.237209558
1207,2,0,0,0.007969618,0,0.237209558
1208,2,0,0,0.007969618,0,0.237209558
1209,2,0,0,0.007969618,0,0.237209558
1210,2,0,0,0.007969618,0,0.237209558
1211,2,0,0,0.007969618,0,0.237209558
1212,2,0,0,0.007969618,0,0.237209558
1213,2,0,0,0.007969618,0,0.237209558
1214,2,0,0,0.007969618,0,0.237209558
1215,2,0,0,0.007969618,0,0.237209558
1216,2,0,0,0.007969618,0,0.237209558
1217,2,0,0,0.007969618,0,0.237209558
1218,2,0,0,0.007969618,0,0.237209558
1219,2,0,0,0.007969618,0,0.237209558
1220,2,0,0,0.007969618,0,0.237209558
1221,2,0,0,0.007969618,0,0.237209558
1222,2,0,0,0.007969618,0,0.237209558
1223,2,0,0,0.007969618,0,0.237209558
1224,2,0,0,0.007969618,0,0.237209558
1225,2,0,0,0.007969618,0,0.237209558
1226,2,0,0,0.007969618,0,0.237209558
1227,2,0,0,0.007969618,0,0.237209558
1228,2,0,0,0.007969618,0,0.237209558
1229,2,0,0,0.007969618,0,0.237209558
1230,2,0,0,0.007969618,0,0.237209558
1231,2,0,0,0.007969618,0,0.237209558
1232,2,0,0,0.007969618,0,0.237209558
1233,2,0,0,0.007969618,0,0.237209558
1234,2,0,0,0.007969618,0,0.237209558
1235,2,0,0,0.007969618,0,0.237209558
1236,2,0,0,0.007969618,0,0.237209558
1237,2,0,0,0.007969618,0,0.237209558
1238,2,0,0,0.007969618,0,0.237209558
1239,2,0,0,0.007969618,0,0.237209558
1240,2,0,0,0.007969618,0,0.237209558
1241,2,0,0,0.007969618,0,0.237209558
1242,2,0,0,0.007969618,0,0.237209558
1243,2,0,0,0.007969618,0,0.237209558
1244,2,0,0,0.007969618,0,0.237209558
1245,2,0,0,0.007969618,0,0.237209558
1246,2,0,0,0.007969618,0,0.237209558
1247,2,0,0,0.007969618,0,0.237209558
1248,2,0,0,0.007969618,0,0.237209558
1249,2,0,0,0.007969618,0,0.237209558
1250,2,0,0,0.007969618,0,0.237209558
1251,2,0,0,0.007969618,0,0.237209558
1252,2,0,0,0.007969618,0,0.237209558
1253,2,0,0,0.007969618,0,0.237209558
1254,2,0,0,0.007969618,0,0.237209558
1255,2,0,0,0.007969618,0,0.237209558
1256,2,0,0,0.007969618,0,0.237209558
1257,2,0,0,0.007969618,0,0.237209558
1258,2,0,0,0.007969618,0,0.237209558
1259,2,0,0,0.007969618,0,0.237209558
1260,2,0,0,0.007969618,0,0.237209558
1261,2,0,0,0.007969618,0,0.237209558
1262,2,0,0,0.007969618,0,0.237209558
1263,2,0,0,0.007969618,0,0.237209558
1264,2,0,0,0.007969618,0,0.237209558
1265,2,0,0,0.007969618,0,0.237209558
1266,2,0,0,0.007969618,0,0.237209558
1267,2,0,0,0.007969618,0,0.237209558
1268,2,0,0,0.007969618,0,0.237209558
1269,2,0,0,0.007969618,0,0.237209558
1270,2,0,0,0.007969618,0,0.237209558
1271,2,0,0,0.007969618,0,0.237209558
1272,2,0,0,0.007969618,0,0.237209558
1273,2,0,0,0.007969618,0,0.237209558
1274,2,0,0,0.007969618,0,0.237209558
1275,2,0,0,0.007969618,0,0.237209558
1276,2,0,0,0.007969618,0,0.237209558
1277,2,0,0,0.007969618,0,0.237209558
1278,2,0,0,0.007969618,0,0.237209558
1279,2,0,0,0.007969618,0,0.237209558
1280,2,0,0,0.007969618,0,0.237209558
1281,2,0,0,0.007969618,0,0.237209558
1282,2,0,0,0.007969618,0,0.237209558
1283,2,0,0,0.007969618,0,0.237209558
1284,2,0,0,0.007969618,0,0.237209558
1285,2,0,0,0.007969618,0,0.237209558
1286,2,0,0,0.007969618,0,0.237209558
1287,2,0,0,0.007969618,0,0.237209558
1288,2,0,0,0.007969618,0,0.237209558
1289,2,0,0,0.007969618,0,0.237209558
1290,2,0,0,0.007969618,0,0.237209558
1291,2,0,0,0.007969618,0,0.237209558
1292,2,0,0,0.007969618,0,0.237209558
1293,2,0,0,0.007969618,0,0.237209558
1294,2,0,0,0.007969618,0,0.237209558
1295,2,0,0,0.007969618,0,0.237209558
1296,2,0,0,0.007969618,0,0.237209558
1297,2,0,0,0.007969618,0,0.237209558
1298,2,0,0,0.007969618,0,0.237209558
1299,2,0,0,0.007969618,0,0.237209558
1300,2,0,0,0.007969618,0,0.237209558
1301,2,0,0,0.007969618,0,0.237209558
1302,2,0,0,0.007969618,0,0.237209558
1303,2,0,0,0.007969618,0,0.237209558
1304,2,0,0,0.007969618,0,0.237209558
1305,2,0,0,0.007969618,0,0.237209558
1306,2,0,0,0.007969618,0,0.237209558
1307,2,0,0,0.007969618,0,0.237209558
1308,2,0,0,0.007969618,0,0.237209558
1309,2,0,0,0.007969618,0,0.237209558
1310,2,0,0,0.007969618,0,0.237209558
1311,2,0,0,0.007969618,0,0.237209558
1312,2,0,0,0.007969618,0,0.237209558
1313,2,0,0,0.007969618,0,0.237209558
1314,2,0,0,0.007969618,0,0.237209558
1315,2,0,0,0.007969618,0,0.237209558
1316,2,0,0,0.007969618,0,0.237209558
1317,2,0,0,0.007969618,0,0.237209558
1318,2,0,0,0.007969618,0,0.237209558
1319,2,0,0,0.007969618,0,0.237209558
1320,2,0,0,0.007969618,0,0.237209558
1321,2,0,0,0.007969618,0,0.237209558
1322,2,0,0,0.007969618,0,0.237209558
1323,2,0,0,0.007969618,0,0.237209558
1324,2,0,0,0.007969618,0,0.237209558
1325,2,0,0,0.007969618,0,0.237209558
1326,2,0,0,0.007969618,0,0.237209558
1327,2,0,0,0.007969618,0,0.237209558
1328,2,0,0,0.007969618,0,0.237209558
1329,2,0,0,0.007969618,0,0.237209558
1330,2,0,0,0.007969618,0,0.237209558
1331,2,0,0,0.007969618,0,0.237209558
1332,2,0,0,0.007969618,0,0.237209558
1333,2,0,0,0.007969618,0,0.237209558
1334,2,0,0,0.007969618,0,0.237209558
1335,2,0,0,0.007969618,0,0.237209558
1336,2,0,0,0.007969618,0,0.237209558
1337,2,0,0,0.007969618,0,0.237209558
1338,2,0,0,0.007969618,0,0.237209558
1339,2,0,0,0.007969618,0,0.237209558
1340,2,0,0,0.007969618,0,0.237209558
1341,2,0,0,0.007969618,0,0.237209558
1342,2,0,0,0.007969618,0,0.237209558
1343,2,0,0,0.007969618,0,0.237209558
1344,2,0,0,0.007969618,0,0.237209558
1345,2,0,0,0.007969618,0,0.237209558
1346,2,0,0,0.007969618,0,0.237209558
1347,2,0,0,0.007969618,0,0.237209558
1348,2,0,0,0.007969618,0,0.237209558
1349,2,0,0,0.007969618,0,0.237209558
1350,2,0,0,0.007969618,0,0.237209558
1351,2,0,0,0.007969618,0,0.237209558
1352,2,0,0,0.007969618,0,0.237209558
1353,2,0,0,0.007969618,0,0.237209558
1354,2,0,0,0.007969618,0,0.237209558
1355,2,0,0,0.007969618,0,0.237209558
1356,2,0,0,0.007969618,0,0.237209558
1357,2,0,0,0.007969618,0,0.237209558
1358,2,0,0,0.007969618,0,0.237209558
1359,2,0,0,0.007969618,0,0.237209558
1360,2,0,0,0.007969618,0,0.237209558
1361,2,0,0,0.007969618,0,0.237209558
1362,2,0,0,0.007969618,0,0.237209558
1363,2,0,0,0.007969618,0,0.237209558
1364,2,0,0,0.007969618,0,0.237209558
1365,2,0,0,0.007969618,0,0.237209558
1366,2,0,0,0.007969618,0,0.237209558
1367,2,0,0,0.007969618,0,0.237209558
1368,2,0,0,0.007969618,0,0.237209558
1369,2,0,0,0.007969618,0,0.237209558
1370,2,0,0,0.007969618,0,0.237209558
1371,2,0,0,0.007969618,0,0.237209558
1372,2,0,0,0.007969618,0,0.237209558
1373,2,0,0,0.007969618,0,0.237209558
1374,2,0,0,0.007969618,0,0.237209558
1375,2,0,0,0.007969618,0,0.237209558
1376,2,0,0,0.007969618,0,0.237209558
1377,2,0,0,0.007969618,0,0.237209558
1378,2,0,0,0.007969618,0,0.237209558
1379,2,0,0,0.007969618,0,0.237209558
1380,2,0,0,0.007969618,0,0.237209558
1381,2,0,0,0.007969618,0,0.237209558
1382,2,0,0,0.007969618,0,0.237209558
1383,2,0,0,0.007969618,0,0.237209558
1384,2,0,0,0.007969618,0,0.237209558
1385,2,0,0,0.007969618,0,0.237209558
1386,2,0,0,0.007969618,0,0.237209558
1387,2,0,0,0.007969618,0,0.237209558
1388,2,0,0,0.007969618,0,0.237209558
1389,2,0,0,0.007969618,0,0.237209558
1390,2,0,0,0.007969618,0,0.237209558
1391,2,0,0,0.007969618,0,0.237209558
1392,2,0,0,0.007969618,0,0.237209558
1393,2,0,0,0.007969618,0,0.237209558
1394,2,0,0,0.007969618,0,0.237209558
1395,2,0,0,0.007969618,0,0.237209558
1396,2,0,0,0.007969618,0,0.237209558
1397,2,0,0,0.007969618,0,0.237209558
1398,2,0,0,0.007969618,0,0.237209558
1399,2,0,0,0.007969618,0,0.237209558
1400,2,0,0,0.007969618,0,0.237209558
1401,2,0,0,0.007969618,0,0.237209558
1402,2,0,0,0.007969618,0,0.237209558
1403,2,0,0,0.007969618,0,0.237209558
1404,2,0,0,0.007969618,0,0.237209558
1405,2,0,0,0.007969618,0,0.237209558
1406,2,0,0,0.007969618,0,0.237209558
1407,2,0,0,0.007969618,0,0.237209558
1408,2,0,0,0.007969618,0,0.237209558
1409,2,0,0,0.007969618,0,0.237209558
1410,2,0,0,0.007969618,0,0.237209558
1411,2,0,0,0.007969618,0,0.237209558
1412,2,0,0,0.007969618,0,0.237209558
1413,2,0,0,0.007969618,0,0.237209558
1414,2,0,0,0.007969618,0,0.237209558
1415,2,0,0,0.007969618,0,0.237209558
1416,2,0,0,0.007969618,0,0.237209558
1417,2,0,0,0.007969618,0,0.237209558
1418,2,0,0,0.007969618,0,0.237209558
1419,2,0,0,0.007969618,0,0.237209558
1420,2,0,0,0.007969618,0,0.237209558
1421,2,0,0,0.007969618,0,0.237209558
1422,2,0,0,0.007969618,0,0.237209558
1423,2,0,0,0.007969618,0,0.237209558
1424,2,0,0,0.007969618,0,0.237209558
1425,2,0,0,0.007969618,0,0.237209558
1426,2,0,0,0.007969618,0,0.237209558
1427,2,0,0,0.007969618,0,0.237209558
1428,2,0,0,0.007969618,0,0.237209558
1429,2,0,0,0.007969618,0,0.237209558
1430,2,0,0,0.007969618,0,0.237209558
1431,2,0,0,0.007969618,0,0.237209558
1432,2,0,0,0.007969618,0,0.237209558
1433,2,0,0,0.007969618,0,0.237209558
1434,2,0,0,0.007969618,0,0.237209558
1435,2,0,0,0.007969618,0,0.237209558
1436,2,0,0,0.007969618,0,0.237209558
1437,2,0,0,0.007969618,0,0.237209558
1438,2,0,0,0.007969618,0,0.237209558
1439,2,0,0,0.007969618,0,0.237209558
1440,2,0,0,0.007969618,0,0.237209558
1441,2,0,0,0.007969618,0,0.237209558
1442,2,0,0,0.007969618,0,0.237209558
1443,2,0,0,0.007969618,0,0.237209558
1444,2,0,0,0.007969618,0,0.237209558
1445,2,0,0,0.007969618,0,0.237209558
1446,2,0,0,0.007969618,0,0.237209558
1447,2,0,0,0.007969618,0,0.237209558
1448,2,0,0,0.007969618,0,0.237209558
1449,2,0,0,0.007969618,0,0.237209558
1450,2,0,0,0.007969618,0,0.237209558
1451,2,0,0,0.007969618,0,0.237209558
1452,2,0,0,0.007969618,0,0.237209558
1453,2,0,0,0.007969618,0,0.237209558
1454,2,0,0,0.007969618,0,0.237209558
1455,2,0,0,0.007969618,0,0.237209558
1456,2,0,0,0.007969618,0,0.237209558
1457,2,0,0,0.007969618,0,0.237209558
1458,2,0,0,0.007969618,0,0.237209558
1459,2,0,0,0.007969618,0,0.237209558
1460,2,0,0,0.007969618,0,0.237209558
1461,2,0,0,0.007969618,0,0.237209558
1462,2,0,0,0.007969618,0,0.237209558
1463,2,0,0,0.007969618,0,0.237209558
1464,2,0,0,0.007969618,0,0.237209558
1465,2,0,0,0.007969618,0,0.237209558
1466,2,0,0,0.007969618,0,0.237209558
1467,2,0,0,0.007969618,0,0.237209558
1468,2,0,0,0.007969618,0,0.237209558
1469,2,0,0,0.007969618,0,0.237209558
1470,2,0,0,0.007969618,0,0.237209558
1471,2,0,0,0.007969618,0,0.237209558
1472,2,0,0,0.007969618,0,0.237209558
1473,2,0,0,0.007969618,0,0.237209558
1474,2,0,0,0.007969618,0,0.237209558
1475,2,0,0,0.007969618,0,0.237209558
1476,2,0,0,0.007969618,0,0.237209558
1477,2,0,0,0.007969618,0,0.237209558
1478,2,0,0,0.007969618,0,0.237209558
1479,2,0,0,0.007969618,0,0.237209558
1480,2,0,0,0.007969618,0,0.237209558
1481,2,0,0,0.007969618,0,0.237209558
1482,2,0,0,0.007969618,0,0.237209558
1483,2,0,0,0.007969618,0,0.237209558
1484,2,0,0,0.007969618,0,0.237209558
1485,2,0,0,0.007969618,0,0.237209558
1486,2,0,0,0.007969618,0,0.237209558
1487,2,0,0,0.007969618,0,0.237209558
1488,2,0,0,0.007969618,0,0.237209558
1489,2,0,0,0.007969618,0,0.237209558
1490,2,0,0,0.007969618,0,0.237209558
1491,2,0,0,0.007969618,0,0.237209558
1492,2,0,0,0.007969618,0,0.237209558
1493,2,0,0,0.007969618,0,0.237209558
1494,2,0,0,0.007969618,0,0.237209558
1495,2,0,0,0.007969618,0,0.237209558
1496,2,0,0,0.007969618,0,0.237209558
1497,2,0,0,0.007969618,0,0.237209558
1498,2,0,0,0.007969618,0,0.237209558
1499,2,0,0,0.007969618,0,0.237209558
1500,2,0,0,0.007969618,0,0.237209558
1501,2,0,0,0.007969618,0,0.237209558
1502,2,0,0,0.007969618,0,0.237209558
1503,2,0,0,0.007969618,0,0.237209558
1504,2,0,0,0.007969618,0,0.237209558
1505,2,0,0,0.007969618,0,0.237209558
1506,2,0,0,0.007969618,0,0.237209558
1507,2,0,0,0.007969618,0,0.237209558
1508,2,0,0,0.007969618,0,0.237209558
1509,2,0,0,0.007969618,0,0.237209558
1510,2,0,0,0.007969618,0,0.237209558
1511,2,0,0,0.007969618,0,0.237209558
1512,2,0,0,0.007969618,0,0.237209558
1513,2,0,0,0.007969618,0,0.237209558
1514,2,0,0,0.007969618,0,0.237209558
1515,2,0,0,0.007969618,0,0.237209558
1516,2,0,0,0.007969618,0,0.237209558
1517,2,0,0,0.007969618,0,0.237209558
1518,2,0,0,0.007969618,0,0.237209558
1519,2,0,0,0.007969618,0,0.237209558
1520,2,0,0,0.007969618,0,0.237209558
1521,2,0,0,0.007969618,0,0.237209558
1522,2,0,0,0.007969618,0,0.237209558
1523,2,0,0,0.007969618,0,0.237209558
1524,2,0,0,0.007969618,0,0.237209558
1525,2,0,0,0.007969618,0,0.237209558
1526,2,0,0,0.007969618,0,0.237209558
1527,2,0,0,0.007969618,0,0.237209558
1528,2,0,0,0.007969618,0,0.237209558
1529,2,0,0,0.007969618,0,0.237209558
1530,2,0,0,0.007969618,0,0.237209558
1531,2,0,0,0.007969618,0,0.237209558
1532,2,0,0,0.007969618,0,0.237209558
1533,2,0,0,0.007969618,0,0.237209558
1534,2,0,0,0.007969618,0,0.237209558
1535,2,0,0,0.007969618,0,0.237209558
1536,2,0,0,0.007969618,0,0.237209558
1537,2,0,0,0.007969618,0,0.237209558
1538,2,0,0,0.007969618,0,0.237209558
1539,2,0,0,0.007969618,0,0.237209558
1540,2,0,0,0.007969618,0,0.237209558
1541,2,0,0,0.007969618,0,0.237209558
1542,2,0,0,0.007969618,0,0.237209558
1543,2,0,0,0.007969618,0,0.237209558
1544,2,0,0,0.007969618,0,0.237209558
1545,2,0,0,0.007969618,0,0.237209558
1546,2,0,0,0.007969618,0,0.237209558
1547,2,0,0,0.007969618,0,0.237209558
1548,2,0,0,0.007969618,0,0.237209558
1549,2,0,0,0.007969618,0,0.237209558
1550,2,0,0,0.007969618,0,0.237209558
1551,2,0,0,0.007969618,0,0.237209558
1552,2,0,0,0.007969618,0,0.237209558
1553,2,0,0,0.007969618,0,0.237209558
1554,2,0,0,0.007969618,0,0.237209558
1555,2,0,0,0.007969618,0,0.237209558
1556,2,0,0,0.007969618,0,0.237209558
1557,2,0,0,0.007969618,0,0.237209558
1558,2,0,0,0.007969618,0,0.237209558
1559,2,0,0,0.007969618,0,0.237209558
1560,2,0,0,0.007969618,0,0.237209558
1561,2,0,0,0.007969618,0,0.237209558
1562,2,0,0,0.007969618,0,0.237209558
1563,2,0,0,0.007969618,0,0.237209558
1564,2,0,0,0.007969618,0,0.237209558
1565,2,0,0,0.007969618,0,0.237209558
1566,2,0,0,0.007969618,0,0.237209558
1567,2,0,0,0.007969618,0,0.237209558
1568,2,0,0,0.007969618,0,0.237209558
1569,2,0,0,0.007969618,0,0.237209558
1570,2,0,0,0.007969618,0,0.237209558
1571,2,0,0,0.007969618,0,0.237209558
1572,2,0,0,0.007969618,0,0.237209558
1573,2,0,0,0.007969618,0,0.237209558
1574,2,0,0,0.007969618,0,0.237209558
1575,2,0,0,0.007969618,0,0.237209558
1576,2,0,0,0.007969618,0,0.237209558
1577,2,0,0,0.007969618,0,0.237209558
1578,2,0,0,0.007969618,0,0.237209558
1579,2,0,0,0.007969618,0,0.237209558
1580,2,0,0,0.007969618,0,0.237209558
1581,2,0,0,0.007969618,0,0.237209558
1582,2,0,0,0.007969618,0,0.237209558
1583,2,0,0,0.007969618,0,0.237209558
1584,2,0,0,0.007969618,0,0.237209558
1585,2,0,0,0.007969618,0,0.237209558
1586,2,0,0,0.007969618,0,0.237209558
1587,2,0,0,0.007969618,0,0.237209558
1588,2,0,0,0.007969618,0,0.237209558
1589,2,0,0,0.007969618,0,0.237209558
1590,2,0,0,0.007969618,0,0.237209558
1591,2,0,0,0.007969618,0,0.237209558
1592,2,0,0,0.007969618,0,0.237209558
1593,2,0,0,0.007969618,0,0.237209558
1594,2,0,0,0.007969618,0,0.237209558
1595,2,0,0,0.007969618,0,0.237209558
1596,2,0,0,0.007969618,0,0.237209558
1597,2,0,0,0.007969618,0,0.237209558
1598,2,0,0,0.007969618,0,0.237209558
1599,2,0,0,0.007969618,0,0.237209558
1600,2,0,0,0.007969618,0,0.237209558
1601,2,0,0,0.007969618,0,0.237209558
1602,2,0,0,0.007969618,0,0.237209558
1603,2,0,0,0.007969618,0,0.237209558
1604,2,0,0,0.007969618,0,0.237209558
1605,2,0,0,0.007969618,0,0.237209558
1606,2,0,0,0.007969618,0,0.237209558
1607,2,0,0,0.007969618,0,0.237209558
1608,2,0,0,0.007969618,0,0.237209558
1609,2,0,0,0.007969618,0,0.237209558
1610,2,0,0,0.007969618,0,0.237209558
1611,2,0,0,0.007969618,0,0.237209558
1612,2,0,0,0.007969618,0,0.237209558
1613,2,0,0,0.007969618,0,0.237209558
1614,2,0,0,0.007969618,0,0.237209558
1615,2,0,0,0.007969618,0,0.237209558
1616,2,0,0,0.007969618,0,0.237209558
1617,2,0,0,0.007969618,0,0.237209558
1618,2,0,0,0.007969618,0,0.237209558
1619,2,0,0,0.007969618,0,0.237209558
1620,2,0,0,0.007969618,0,0.237209558
1621,2,0,0,0.007969618,0,0.237209558
1622,2,0,0,0.007969618,0,0.237209558
1623,2,0,0,0.007969618,0,0.237209558
1624,2,0,0,0.007969618,0,0.237209558
1625,2,0,0,0.007969618,0,0.237209558
1626,2,0,0,0.007969618,0,0.237209558
1627,2,0,0,0.007969618,0,0.237209558
1628,2,0,0,0.007969618,0,0.237209558
1629,2,0,0,0.007969618,0,0.237209558
1630,2,0,0,0.007969618,0,0.237209558
1631,2,0,0,0.007969618,0,0.237209558
1632,2,0,0,0.007969618,0,0.237209558
1633,2,0,0,0.007969618,0,0.237209558
1634,2,0,0,0.007969618,0,0.237209558
1635,2,0,0,0.007969618,0,0.237209558
1636,2,0,0,0.007969618,0,0.237209558
1637,2,0,0,0.007969618,0,0.237209558
1638,2,0,0,0.007969618,0,0.237209558
1639,2,0,0,0.007969618,0,0.237209558
1640,2,0,0,0.007969618,0,0.237209558
1641,2,0,0,0.007969618,0,0.237209558
1642,2,0,0,0.007969618,0,0.237209558
1643,2,0,0,0.007969618,0,0.237209558
1644,2,0,0,0.007969618,0,0.237209558
1645,2,0,0,0.007969618,0,0.237209558
1646,2,0,0,0.007969618,0,0.237209558
1647,2,0,0,0.007969618,0,0.237209558
1648,2,0,0,0.007969618,0,0.237209558
1649,2,0,0,0.007969618,0,0.237209558
1650,2,0,0,0.007969618,0,0.237209558
1651,2,0,0,0.007969618,0,0.237209558
1652,2,0,0,0.007969618,0,0.237209558
1653,2,0,0,0.007969618,0,0.237209558
1654,2,0,0,0.007969618,0,0.237209558
1655,2,0,0,0.007969618,0,0.237209558
1656,2,0,0,0.007969618,0,0.237209558
1657,2,0,0,0.007969618,0,0.237209558
1658,2,0,0,0.007969618,0,0.237209558
1659,2,0,0,0.007969618,0,0.237209558
1660,2,0,0,0.007969618,0,0.237209558
1661,2,0,0,0.007969618,0,0.237209558
1662,2,0,0,0.007969618,0,0.237209558
1663,2,0,0,0.007969618,0,0.237209558
1664,2,0,0,0.007969618,0,0.237209558
1665,2,0,0,0.007969618,0,0.237209558
1666,2,0,0,0.007969618,0,0.237209558
1667,2,0,0,0.007969618,0,0.237209558
1668,2,0,0,0.007969618,0,0.237209558
1669,2,0,0,0.007969618,0,0.237209558
1670,2,0,0,0.007969618,0,0.237209558
1671,2,0,0,0.007969618,0,0.237209558
1672,2,0,0,0.007969618,0,0.237209558
1673,2,0,0,0.007969618,0,0.237209558
1674,2,0,0,0.007969618,0,0.237209558
1675,2,0,0,0.007969618,0,0.237209558
1676,2,0,0,0.007969618,0,0.237209558
1677,2,0,0,0.007969618,0,0.237209558
1678,2,0,0,0.007969618,0,0.237209558
1679,2,0,0,0.007969618,0,0.237209558
1680,2,0,0,0.007969618,0,0.237209558
1681,2,0,0,0.007969618,0,0.237209558
1682,2,0,0,0.007969618,0,0.237209558
1683,2,0,0,0.007969618,0,0.237209558
1684,2,0,0,0.007969618,0,0.237209558
1685,2,0,0,0.007969618,0,0.237209558
1686,2,0,0,0.007969618,0,0.237209558
1687,2,0,0,0.007969618,0,0.237209558
1688,2,0,0,0.007969618,0,0.237209558
1689,2,0,0,0.007969618,0,0.237209558
1690,2,0,0,0.007969618,0,0.237209558
1691,2,0,0,0.007969618,0,0.237209558
1692,2,0,0,0.007969618,0,0.237209558
1693,2,0,0,0.007969618,0,0.237209558
1694,2,0,0,0.007969618,0,0.237209558
1695,2,0,0,0.007969618,0,0.237209558
1696,2,0,0,0.007969618,0,0.237209558
1697,2,0,0,0.007969618,0,0.237209558
1698,2,0,0,0.007969618,0,0.237209558
1699,2,0,0,0.007969618,0,0.237209558
1700,2,0,0,0.007969618,0,0.237209558
1701,2,0,0,0.007969618,0,0.237209558
1702,2,0,0,0.007969618,0,0.237209558
1703,2,0,0,0.007969618,0,0.237209558
1704,2,0,0,0.007969618,0,0.237209558
1705,2,0,0,0.007969618,0,0.237209558
1706,2,0,0,0.007969618,0,0.237209558
1707,2,0,0,0.007969618,0,0.237209558
1708,2,0,0,0.007969618,0,0.237209558
1709,2,0,0,0.007969618,0,0.237209558
1710,2,0,0,0.007969618,0,0.237209558
1711,2,0,0,0.007969618,0,0.237209558
1712,2,0,0,0.007969618,0,0.237209558
1713,2,0,0,0.007969618,0,0.237209558
1714,2,0,0,0.007969618,0,0.237209558
1715,2,0,0,0.007969618,0,0.237209558
1716,2,0,0,0.007969618,0,0.237209558
1717,2,0,0,0.007969618,0,0.237209558
1718,2,0,0,0.007969618,0,0.237209558
1719,2,0,0,0.007969618,0,0.237209558
1720,2,0,0,0.007969618,0,0.237209558
1721,2,0,0,0.007969618,0,0.237209558
1722,2,0,0,0.007969618,0,0.237209558
1723,2,0,0,0.007969618,0,0.237209558
1724,2,0,0,0.007969618,0,0.237209558
1725,2,0,0,0.007969618,0,0.237209558
1726,2,0,0,0.007969618,0,0.237209558
1727,2,0,0,0.007969618,0,0.237209558
1728,2,0,0,0.007969618,0,0.237209558
1729,2,0,0,0.007969618,0,0.237209558
1730,2,0,0,0.007969618,0,0.237209558
1731,2,0,0,0.007969618,0,0.237209558
1732,2,0,0,0.007969618,0,0.237209558
1733,2,0,0,0.007969618,0,0.237209558
1734,2,0,0,0.007969618,0,0.237209558
1735,2,0,0,0.007969618,0,0.237209558
1736,2,0,0,0.007969618,0,0.237209558
1737,2,0,0,0.007969618,0,0.237209558
1738,2,0,0,0.007969618,0,0.237209558
1739,2,0,0,0.007969618,0,0.237209558
1740,2,0,0,0.007969618,0,0.237209558
1741,2,0,0,0.007969618,0,0.237209558
1742,2,0,0,0.007969618,0,0.237209558
1743,2,0,0,0.007969618,0,0.237209558
1744,2,0,0,0.007969618,0,0.237209558
1745,2,0,0,0.007969618,0,0.237209558
1746,2,0,0,0.007969618,0,0.237209558
1747,2,0,0,0.007969618,0,0.237209558
1748,2,0,0,0.007969618,0,0.237209558
1749,2,0,0,0.007969618,0,0.237209558
1750,2,0,0,0.007969618,0,0.237209558
1751,2,0,0,0.007969618,0,0.237209558
1752,2,0,0,0.007969618,0,0.237209558
1753,2,0,0,0.007969618,0,0.237209558
1754,2,0,0,0.007969618,0,0.237209558
1755,2,0,0,0.007969618,0,0.237209558
1756,2,0,0,0.007969618,0,0.237209558
1757,2,0,0,0.007969618,0,0.237209558
1758,2,0,0,0.007969618,0,0.237209558
1759,2,0,0,0.007969618,0,0.237209558
1760,2,0,0,0.007969618,0,0.237209558
1761,2,0,0,0.007969618,0,0.237209558
1762,2,0,0,0.007969618,0,0.237209558
1763,2,0,0,0.007969618,0,0.237209558
1764,2,0,0,0.007969618,0,0.237209558
1765,2,0,0,0.007969618,0,0.237209558
1766,2,0,0,0.007969618,0,0.237209558
1767,2,0,0,0.007969618,0,0.237209558
1768,2,0,0,0.007969618,0,0.237209558
1769,2,0,0,0.007969618,0,0.237209558
1770,2,0,0,0.007969618,0,0.237209558
1771,2,0,0,0.007969618,0,0.237209558
1772,2,0,0,0.007969618,0,0.237209558
1773,2,0,0,0.007969618,0,0.237209558
1774,2,0,0,0.007969618,0,0.237209558
1775,2,0,0,0.007969618,0,0.237209558
1776,2,0,0,0.007969618,0,0.237209558
1777,2,0,0,0.007969618,0,0.237209558
1778,2,0,0,0.007969618,0,0.237209558
1779,2,0,0,0.007969618,0,0.237209558
1780,2,0,0,0.007969618,0,0.237209558
1781,2,0,0,0.007969618,0,0.237209558
1782,2,0,0,0.007969618,0,0.237209558
1783,2,0,0,0.007969618,0,0.237209558
1784,2,0,0,0.007969618,0,0.237209558
1785,2,0,0,0.007969618,0,0.237209558
1786,2,0,0,0.007969618,0,0.237209558
1787,2,0,0,0.007969618,0,0.237209558
1788,2,0,0,0.007969618,0,0.237209558
1789,2,0,0,0.007969618,0,0.237209558
1790,2,0,0,0.007969618,0,0.237209558
1791,2,0,0,0.007969618,0,0.237209558
1792,2,0,0,0.007969618,0,0.237209558
1793,2,0,0,0.007969618,0,0.237209558
1794,2,0,0,0.007969618,0,0.237209558
1795,2,0,0,0.007969618,0,0.237209558
1796,2,0,0,0.007969618,0,0.237209558
1797,2,0,0,0.007969618,0,0.237209558
1798,2,0,0,0.007969618,0,0.237209558
1799,2,0,0,0.007969618,0,0.237209558
